series,days,final_nav,total_return,annualized_return,max_drawdown,ulcer_index,recovery_time_days,tail_risk_5pct_mean,vol_annualized
strategy,478,1.3638731884389894,0.3638731884389894,0.17774805968630525,-0.12009932270259871,0.028899147437580597,105,-0.01852711320973006,0.12304176132635457
benchmark,478,1.4150510743424043,0.4150510743424043,0.2008438952122098,-0.18755237673244818,0.037255980528883924,87,-0.02409883021199617,0.16554183627804075
