series,days,final_nav,total_return,annualized_return,max_drawdown,ulcer_index,recovery_time_days,tail_risk_5pct_mean,vol_annualized
strategy,477,1.330472794317368,0.330472794317368,0.16282029485750082,-0.15720749115201393,0.03568293700146141,91,-0.021401220389182695,0.1408173869492204
benchmark,477,1.4150510743424043,0.4150510743424043,0.2013047465563953,-0.18755237673244818,0.03729501247309207,87,-0.02409883021199617,0.16571429623372175
