series,days,final_nav,total_return,annualized_return,max_drawdown,ulcer_index,recovery_time_days,tail_risk_5pct_mean,vol_annualized
strategy,478,1.3528781227878652,0.35287812278786523,0.17273296603371446,-0.12372000323204257,0.029605602579661355,121,-0.01783087597091389,0.11873686849019228
benchmark,478,1.4150510743424043,0.4150510743424043,0.2008438952122098,-0.18755237673244818,0.037255980528883924,87,-0.02409883021199617,0.16554183627804075
