series,days,final_nav,total_return,annualized_return,max_drawdown,ulcer_index,recovery_time_days,tail_risk_5pct_mean,vol_annualized
strategy,478,1.3355313945938385,0.3355313945938385,0.1647813860532532,-0.1474794029503863,0.035215524360350525,89,-0.020453971076468107,0.13138919855376077
benchmark,478,1.4150510743424043,0.4150510743424043,0.2008438952122098,-0.18755237673244818,0.037255980528883924,87,-0.02409883021199617,0.16554183627804075
