series,days,final_nav,total_return,annualized_return,max_drawdown,ulcer_index,recovery_time_days,tail_risk_5pct_mean,vol_annualized
strategy,477,1.2743741485447164,0.2743741485447164,0.13665477030382744,-0.14023360906323634,0.041268165034647586,130,-0.018867338100403447,0.11966587583222943
benchmark,477,1.415051074342392,0.4150510743423921,0.20130474655638975,-0.18755237673244918,0.03729501247309251,87,-0.024098830211996214,0.16571429623372222
