series,days,final_nav,total_return,annualized_return,max_drawdown,ulcer_index,recovery_time_days,tail_risk_5pct_mean,vol_annualized
strategy,478,1.2984835099300245,0.2984835099300245,0.14763374770312376,-0.14912484244385338,0.036514699597462126,140,-0.019597497380342926,0.12434553333893582
benchmark,478,1.4150510743424043,0.4150510743424043,0.2008438952122098,-0.18755237673244818,0.037255980528883924,87,-0.02409883021199617,0.16554183627804075
