series,days,final_nav,total_return,annualized_return,max_drawdown,ulcer_index,recovery_time_days,tail_risk_5pct_mean,vol_annualized
strategy,478,1.3367348361645242,0.33673483616452415,0.16533460301998115,-0.11207964904985834,0.026597360898666524,87,-0.017146920898955188,0.11528477222812036
benchmark,478,1.4150510743424043,0.4150510743424043,0.2008438952122098,-0.18755237673244818,0.037255980528883924,87,-0.02409883021199617,0.16554183627804075
