series,days,final_nav,total_return,annualized_return,max_drawdown,ulcer_index,recovery_time_days,tail_risk_5pct_mean,vol_annualized
strategy,478,1.2293459982197004,0.22934599821970036,0.11500265662737053,-0.12993833545134525,0.036580213427388264,105,-0.01697187919086185,0.10602424677249651
benchmark,478,1.4150510743424043,0.4150510743424043,0.2008438952122098,-0.18755237673244818,0.037255980528883924,87,-0.02409883021199617,0.16554183627804075
