series,days,final_nav,total_return,annualized_return,max_drawdown,ulcer_index,recovery_time_days,tail_risk_5pct_mean,vol_annualized
strategy,478,1.266391581645581,0.2663915816455811,0.1325920637294944,-0.07893988158313048,0.024935090669887708,135,-0.014158358566010235,0.09150778260029728
benchmark,478,1.4150510743424043,0.4150510743424043,0.2008438952122098,-0.18755237673244818,0.037255980528883924,87,-0.02409883021199617,0.16554183627804075
