series,days,final_nav,total_return,annualized_return,max_drawdown,ulcer_index,recovery_time_days,tail_risk_5pct_mean,vol_annualized
strategy,478,1.3513361268165351,0.35133612681653514,0.1720280889159529,-0.13642219594074112,0.03300882059091939,87,-0.019818083100146027,0.12962139487106306
benchmark,478,1.4150510743424043,0.4150510743424043,0.2008438952122098,-0.18755237673244818,0.037255980528883924,87,-0.02409883021199617,0.16554183627804075
