series,days,final_nav,total_return,annualized_return,max_drawdown,ulcer_index,recovery_time_days,tail_risk_5pct_mean,vol_annualized
strategy,478,1.3530701944292196,0.3530701944292196,0.1728207392022283,-0.13567420062622337,0.03279730220268406,87,-0.019834590737495186,0.12988261452924327
benchmark,478,1.4150510743424043,0.4150510743424043,0.2008438952122098,-0.18755237673244818,0.037255980528883924,87,-0.02409883021199617,0.16554183627804075
