series,days,final_nav,total_return,annualized_return,max_drawdown,ulcer_index,recovery_time_days,tail_risk_5pct_mean,vol_annualized
strategy,478,1.2264583752454885,0.2264583752454885,0.11362113950440356,-0.12854965309276178,0.03532329444104163,105,-0.01754939892012801,0.10760143641882494
benchmark,478,1.4150510743424043,0.4150510743424043,0.2008438952122098,-0.18755237673244818,0.037255980528883924,87,-0.02409883021199617,0.16554183627804075
