series,days,final_nav,total_return,annualized_return,max_drawdown,ulcer_index,recovery_time_days,tail_risk_5pct_mean,vol_annualized
strategy,478,1.3488257899146463,0.3488257899146463,0.17087974984218057,-0.11207964904985812,0.026138016371579604,85,-0.01712796236980675,0.11599905625497045
benchmark,478,1.4150510743424043,0.4150510743424043,0.2008438952122098,-0.18755237673244818,0.037255980528883924,87,-0.02409883021199617,0.16554183627804075
