series,days,final_nav,total_return,annualized_return,max_drawdown,ulcer_index,recovery_time_days,tail_risk_5pct_mean,vol_annualized
strategy,478,1.3064517611249293,0.30645176112492933,0.15134118605912805,-0.08462021962389055,0.02350628702245145,122,-0.014577676175379702,0.0984002010370072
benchmark,478,1.4150510743424043,0.4150510743424043,0.2008438952122098,-0.18755237673244818,0.037255980528883924,87,-0.02409883021199617,0.16554183627804075
