series,days,final_nav,total_return,annualized_return,max_drawdown,ulcer_index,recovery_time_days,tail_risk_5pct_mean,vol_annualized
strategy,478,1.3550324996076644,0.35503249960766436,0.17371713887393359,-0.13496918397064428,0.03250148911729824,87,-0.019845442407708237,0.12988270250821235
benchmark,478,1.4150510743424043,0.4150510743424043,0.2008438952122098,-0.18755237673244818,0.037255980528883924,87,-0.02409883021199617,0.16554183627804075
