series,days,final_nav,total_return,annualized_return,max_drawdown,ulcer_index,recovery_time_days,tail_risk_5pct_mean,vol_annualized
strategy,478,1.3034104633087014,0.30341046330870136,0.1499274072582204,-0.07743340929597897,0.022415445501326455,74,-0.013946285942910969,0.09401697015123454
benchmark,478,1.4150510743424043,0.4150510743424043,0.2008438952122098,-0.18755237673244818,0.037255980528883924,87,-0.02409883021199617,0.16554183627804075
