series,days,final_nav,total_return,annualized_return,max_drawdown,ulcer_index,recovery_time_days,tail_risk_5pct_mean,vol_annualized
strategy,478,1.3445410959327824,0.34454109593278237,0.16891740462842897,-0.1431662413464888,0.033879826884202914,88,-0.020596395825812627,0.13545390087106823
benchmark,478,1.4150510743424043,0.4150510743424043,0.2008438952122098,-0.18755237673244818,0.037255980528883924,87,-0.02409883021199617,0.16554183627804075
