series,days,final_nav,total_return,annualized_return,max_drawdown,ulcer_index,recovery_time_days,tail_risk_5pct_mean,vol_annualized
strategy,478,1.2720662630479125,0.2720662630479125,0.13526482604930035,-0.07313812229201211,0.02297086388498161,133,-0.01374430122364663,0.09023341033262304
benchmark,478,1.4150510743424043,0.4150510743424043,0.2008438952122098,-0.18755237673244818,0.037255980528883924,87,-0.02409883021199617,0.16554183627804075
