series,days,final_nav,total_return,annualized_return,max_drawdown,ulcer_index,recovery_time_days,tail_risk_5pct_mean,vol_annualized
strategy,478,1.2136565046002514,0.21365650460025143,0.10747777078939147,-0.13191900505734777,0.03791541253944856,140,-0.01754939892012801,0.10874891930604445
benchmark,478,1.4150510743424043,0.4150510743424043,0.2008438952122098,-0.18755237673244818,0.037255980528883924,87,-0.02409883021199617,0.16554183627804075
