series,days,final_nav,total_return,annualized_return,max_drawdown,ulcer_index,recovery_time_days,tail_risk_5pct_mean,vol_annualized
strategy,478,1.2704211563790881,0.27042115637908815,0.13449056574376828,-0.07356999388663898,0.02288796664931028,85,-0.01356780934841729,0.08893801376411087
benchmark,478,1.4150510743424043,0.4150510743424043,0.2008438952122098,-0.18755237673244818,0.037255980528883924,87,-0.02409883021199617,0.16554183627804075
