series,days,final_nav,total_return,annualized_return,max_drawdown,ulcer_index,recovery_time_days,tail_risk_5pct_mean,vol_annualized
strategy,478,1.3478224400512286,0.34782244005122864,0.1704204906404656,-0.11207964904985845,0.02605270979606646,85,-0.017078123356308778,0.11562119812432713
benchmark,478,1.4150510743424043,0.4150510743424043,0.2008438952122098,-0.18755237673244818,0.037255980528883924,87,-0.02409883021199617,0.16554183627804075
