series,days,final_nav,total_return,annualized_return,max_drawdown,ulcer_index,recovery_time_days,tail_risk_5pct_mean,vol_annualized
strategy,478,1.2389820218460548,0.23898202184605477,0.11960172499985733,-0.12596987936745585,0.028077049147979247,91,-0.01658924173956305,0.10542984249015395
benchmark,478,1.4150510743424043,0.4150510743424043,0.2008438952122098,-0.18755237673244818,0.037255980528883924,87,-0.02409883021199617,0.16554183627804075
