series,days,final_nav,total_return,annualized_return,max_drawdown,ulcer_index,recovery_time_days,tail_risk_5pct_mean,vol_annualized
strategy,478,1.2859295379891245,0.28592953798912446,0.1417707884178443,-0.07804671458687484,0.022835017117638717,126,-0.014140983662585484,0.09365925666722158
benchmark,478,1.4150510743424043,0.4150510743424043,0.2008438952122098,-0.18755237673244818,0.037255980528883924,87,-0.02409883021199617,0.16554183627804075
