series,days,final_nav,total_return,annualized_return,max_drawdown,ulcer_index,recovery_time_days,tail_risk_5pct_mean,vol_annualized
strategy,478,1.209756561894885,0.2097565618948849,0.10560018232566937,-0.13211414261733057,0.03900595825077399,140,-0.01773530050652584,0.10887659729639226
benchmark,478,1.4150510743424043,0.4150510743424043,0.2008438952122098,-0.18755237673244818,0.037255980528883924,87,-0.02409883021199617,0.16554183627804075
