series,days,final_nav,total_return,annualized_return,max_drawdown,ulcer_index,recovery_time_days,tail_risk_5pct_mean,vol_annualized
strategy,478,1.3642634278788341,0.36426342787883415,0.17792570462416135,-0.1198475603317738,0.028812350322865717,105,-0.01852711320973006,0.12303932606043912
benchmark,478,1.4150510743424043,0.4150510743424043,0.2008438952122098,-0.18755237673244818,0.037255980528883924,87,-0.02409883021199617,0.16554183627804075
