series,days,final_nav,total_return,annualized_return,max_drawdown,ulcer_index,recovery_time_days,tail_risk_5pct_mean,vol_annualized
strategy,478,1.3055650408637463,0.30556504086374625,0.15092914581196837,-0.1616781506222239,0.039647134036230325,105,-0.020165164443590875,0.12696996545562786
benchmark,478,1.4150510743424043,0.4150510743424043,0.2008438952122098,-0.18755237673244818,0.037255980528883924,87,-0.02409883021199617,0.16554183627804075
