series,days,final_nav,total_return,annualized_return,max_drawdown,ulcer_index,recovery_time_days,tail_risk_5pct_mean,vol_annualized
strategy,478,1.2903659147443591,0.29036591474435913,0.14384574530383332,-0.07743340929597964,0.02227425386776988,85,-0.013710237935165001,0.09199847578906892
benchmark,478,1.4150510743424043,0.4150510743424043,0.2008438952122098,-0.18755237673244818,0.037255980528883924,87,-0.02409883021199617,0.16554183627804075
