series,days,final_nav,total_return,annualized_return,max_drawdown,ulcer_index,recovery_time_days,tail_risk_5pct_mean,vol_annualized
strategy,478,1.210643310764682,0.2106433107646819,0.10602734979135442,-0.13095851997208507,0.03846791796709661,140,-0.01773530050652584,0.10870017170354726
benchmark,478,1.4150510743424043,0.4150510743424043,0.2008438952122098,-0.18755237673244818,0.037255980528883924,87,-0.02409883021199617,0.16554183627804075
