series,days,final_nav,total_return,annualized_return,max_drawdown,ulcer_index,recovery_time_days,tail_risk_5pct_mean,vol_annualized
strategy,478,1.3348053073138075,0.33480530731380753,0.1644474928168722,-0.11207964904985845,0.02654770507163537,87,-0.017259444293320787,0.11596451391985026
benchmark,478,1.4150510743424043,0.4150510743424043,0.2008438952122098,-0.18755237673244818,0.037255980528883924,87,-0.02409883021199617,0.16554183627804075
