series,days,final_nav,total_return,annualized_return,max_drawdown,ulcer_index,recovery_time_days,tail_risk_5pct_mean,vol_annualized
strategy,478,1.3069702839338728,0.3069702839338728,0.15158207143172242,-0.1635249514681969,0.03952578972453157,105,-0.020255174448486648,0.12738386409342295
benchmark,478,1.4150510743424043,0.4150510743424043,0.2008438952122098,-0.18755237673244818,0.037255980528883924,87,-0.02409883021199617,0.16554183627804075
