series,days,final_nav,total_return,annualized_return,max_drawdown,ulcer_index,recovery_time_days,tail_risk_5pct_mean,vol_annualized
strategy,478,1.3173248125655146,0.3173248125655146,0.15638295484308484,-0.11314379652334594,0.02835502036770764,137,-0.017177200380477407,0.11428844198458118
benchmark,478,1.4150510743424043,0.4150510743424043,0.2008438952122098,-0.18755237673244818,0.037255980528883924,87,-0.02409883021199617,0.16554183627804075
