series,days,final_nav,total_return,annualized_return,max_drawdown,ulcer_index,recovery_time_days,tail_risk_5pct_mean,vol_annualized
strategy,478,1.3288518687341844,0.32885186873418437,0.16170654236379778,-0.11513481444679896,0.027823938729932794,135,-0.017147337565621854,0.11551648378110216
benchmark,478,1.4150510743424043,0.4150510743424043,0.2008438952122098,-0.18755237673244818,0.037255980528883924,87,-0.02409883021199617,0.16554183627804075
