series,days,final_nav,total_return,annualized_return,max_drawdown,ulcer_index,recovery_time_days,tail_risk_5pct_mean,vol_annualized
strategy,478,1.3080803142944153,0.3080803142944153,0.15209759617330354,-0.08162373549277824,0.02195758910863333,74,-0.013969135008241965,0.09555904191303417
benchmark,478,1.4150510743424043,0.4150510743424043,0.2008438952122098,-0.18755237673244818,0.037255980528883924,87,-0.02409883021199617,0.16554183627804075
