series,days,final_nav,total_return,annualized_return,max_drawdown,ulcer_index,recovery_time_days,tail_risk_5pct_mean,vol_annualized
strategy,478,1.3685726085082717,0.36857260850827167,0.17988573633562144,-0.11165637751497137,0.02585346302240207,57,-0.017701140810556893,0.11969171140680085
benchmark,478,1.4150510743424043,0.4150510743424043,0.2008438952122098,-0.18755237673244818,0.037255980528883924,87,-0.02409883021199617,0.16554183627804075
