series,days,final_nav,total_return,annualized_return,max_drawdown,ulcer_index,recovery_time_days,tail_risk_5pct_mean,vol_annualized
strategy,478,1.3103070404851436,0.31030704048514357,0.1531311180235697,-0.1514243487636171,0.037954022027144776,101,-0.019675002549399995,0.12525494775372364
benchmark,478,1.4150510743424043,0.4150510743424043,0.2008438952122098,-0.18755237673244818,0.037255980528883924,87,-0.02409883021199617,0.16554183627804075
