series,days,final_nav,total_return,annualized_return,max_drawdown,ulcer_index,recovery_time_days,tail_risk_5pct_mean,vol_annualized
strategy,478,1.3252075966250565,0.3252075966250565,0.16002586189894563,-0.11216937338928601,0.02704445469738351,104,-0.01839955990842622,0.11999098422569208
benchmark,478,1.4150510743424043,0.4150510743424043,0.2008438952122098,-0.18755237673244818,0.037255980528883924,87,-0.02409883021199617,0.16554183627804075
