series,days,final_nav,total_return,annualized_return,max_drawdown,ulcer_index,recovery_time_days,tail_risk_5pct_mean,vol_annualized
strategy,478,1.2834839879796136,0.2834839879796136,0.14062552249713822,-0.07803158101114205,0.024379507574235695,133,-0.014034177698931968,0.0921670475216375
benchmark,478,1.4150510743424043,0.4150510743424043,0.2008438952122098,-0.18755237673244818,0.037255980528883924,87,-0.02409883021199617,0.16554183627804075
