series,days,final_nav,total_return,annualized_return,max_drawdown,ulcer_index,recovery_time_days,tail_risk_5pct_mean,vol_annualized
strategy,478,1.2901730858901355,0.29017308589013546,0.14375562667262587,-0.07781349159038686,0.022676957260619912,124,-0.014197937013826567,0.09397146577529657
benchmark,478,1.4150510743424043,0.4150510743424043,0.2008438952122098,-0.18755237673244818,0.037255980528883924,87,-0.02409883021199617,0.16554183627804075
