series,days,final_nav,total_return,annualized_return,max_drawdown,ulcer_index,recovery_time_days,tail_risk_5pct_mean,vol_annualized
strategy,478,1.3404950039831036,0.3404950039831036,0.16706162057104113,-0.11207964904985834,0.026540286231103632,86,-0.017097415218790546,0.11533043179796403
benchmark,478,1.4150510743424043,0.4150510743424043,0.2008438952122098,-0.18755237673244818,0.037255980528883924,87,-0.02409883021199617,0.16554183627804075
