series,days,final_nav,total_return,annualized_return,max_drawdown,ulcer_index,recovery_time_days,tail_risk_5pct_mean,vol_annualized
strategy,2554,1.2188107900019096,0.21881079000190962,0.01971598368423244,-0.14317234105087417,0.028795417650739032,2108,-0.008345625364023921,0.05146928460330174
benchmark,2554,1.4150510743424043,0.4150510743424043,0.03484783853257123,-0.18755237673244818,0.01611756757753835,87,-0.010295603626542674,0.07177907290599893
