series,days,final_nav,total_return,annualized_return,max_drawdown,ulcer_index,recovery_time_days,tail_risk_5pct_mean,vol_annualized
strategy,478,1.2859447303501308,0.2859447303501308,0.14177789987271439,-0.08705908921786831,0.02635325536302184,133,-0.014818345707926978,0.09924948086733508
benchmark,478,1.4150510743424043,0.4150510743424043,0.2008438952122098,-0.18755237673244818,0.037255980528883924,87,-0.02409883021199617,0.16554183627804075
