series,days,final_nav,total_return,annualized_return,max_drawdown,ulcer_index,recovery_time_days,tail_risk_5pct_mean,vol_annualized
strategy,478,1.3841934518386687,0.3841934518386687,0.18696653643728278,-0.11250446467209185,0.025965551016731037,102,-0.01852711320973006,0.12404091309104247
benchmark,478,1.4150510743424043,0.4150510743424043,0.2008438952122098,-0.18755237673244818,0.037255980528883924,87,-0.02409883021199617,0.16554183627804075
