series,days,final_nav,total_return,annualized_return,max_drawdown,ulcer_index,recovery_time_days,tail_risk_5pct_mean,vol_annualized
strategy,478,1.2733652425911612,0.27336524259116124,0.13587584911276984,-0.07356999388663787,0.022917958809543296,85,-0.013669792703399667,0.08992668574547738
benchmark,478,1.4150510743424043,0.4150510743424043,0.2008438952122098,-0.18755237673244818,0.037255980528883924,87,-0.02409883021199617,0.16554183627804075
