quantile,threshold,signal_days,coverage,precision,recall,lift,f1,TP,FP,FN,TN
0.7,0.5361760085893876,741,0.3002431118314425,0.22267206477732793,0.6875,2.3696018893387314,0.3363914373088685,165,576,75,1652
0.75,0.5682798814040838,617,0.25,0.24149108589951376,0.6208333333333333,2.5698676391139923,0.34772462077012833,149,468,91,1760
0.8,0.6210433856393008,494,0.20016207455429497,0.2591093117408907,0.5333333333333333,2.7573549257759784,0.34877384196185285,128,366,112,1862
0.85,0.6898586668666444,371,0.15032414910858996,0.2641509433962264,0.4083333333333333,2.811006289308176,0.320785597381342,98,273,142,1955
0.9,0.7607001858558983,247,0.10008103727714748,0.3076923076923077,0.31666666666666665,3.2743589743589743,0.31211498973305957,76,171,164,2057
0.92,0.7928884935585755,198,0.08022690437601297,0.3333333333333333,0.275,3.547222222222222,0.3013698630136986,66,132,174,2096
0.95,0.8592321743304786,124,0.050243111831442464,0.3387096774193548,0.175,3.6044354838709673,0.23076923076923075,42,82,198,2146
0.97,0.9058527524500232,75,0.030388978930307942,0.29333333333333333,0.09166666666666666,3.121555555555555,0.13968253968253966,22,53,218,2175
