series,days,final_nav,total_return,annualized_return,max_drawdown,ulcer_index,recovery_time_days,tail_risk_5pct_mean,vol_annualized
strategy,478,1.3850236191724592,0.3850236191724592,0.1873417844563221,-0.11390352700425288,0.025919604821896872,102,-0.01783087597091389,0.12141661657033147
benchmark,478,1.4150510743424043,0.4150510743424043,0.2008438952122098,-0.18755237673244818,0.037255980528883924,87,-0.02409883021199617,0.16554183627804075
