series,days,final_nav,total_return,annualized_return,max_drawdown,ulcer_index,recovery_time_days,tail_risk_5pct_mean,vol_annualized
strategy,478,1.3062513541028498,0.30625135410284976,0.1512480727007628,-0.1197439508780479,0.031212218086248977,140,-0.017508222694143993,0.11526738826587199
benchmark,478,1.4150510743424043,0.4150510743424043,0.2008438952122098,-0.18755237673244818,0.037255980528883924,87,-0.02409883021199617,0.16554183627804075
