series,days,final_nav,total_return,annualized_return,max_drawdown,ulcer_index,recovery_time_days,tail_risk_5pct_mean,vol_annualized
strategy,478,1.3369289372755597,0.3369289372755597,0.1654238084178492,-0.1120796490498589,0.02649557623722223,87,-0.01704799287195924,0.11487449416671099
benchmark,478,1.4150510743424043,0.4150510743424043,0.2008438952122098,-0.18755237673244818,0.037255980528883924,87,-0.02409883021199617,0.16554183627804075
