series,days,final_nav,total_return,annualized_return,max_drawdown,ulcer_index,recovery_time_days,tail_risk_5pct_mean,vol_annualized
strategy,478,1.3163289358804562,0.3163289358804562,0.15592199334130963,-0.08162373549277846,0.022508264370195052,71,-0.014724006861812265,0.10093938168176196
benchmark,478,1.4150510743424043,0.4150510743424043,0.2008438952122098,-0.18755237673244818,0.037255980528883924,87,-0.02409883021199617,0.16554183627804075
