series,days,final_nav,total_return,annualized_return,max_drawdown,ulcer_index,recovery_time_days,tail_risk_5pct_mean,vol_annualized
strategy,478,1.3267011301603764,0.3267011301603764,0.1607149198008868,-0.11620760591306345,0.028289868539328578,135,-0.01748271985406167,0.11670036820674075
benchmark,478,1.4150510743424043,0.4150510743424043,0.2008438952122098,-0.18755237673244818,0.037255980528883924,87,-0.02409883021199617,0.16554183627804075
