series,days,final_nav,total_return,annualized_return,max_drawdown,ulcer_index,recovery_time_days,tail_risk_5pct_mean,vol_annualized
strategy,478,1.325276443253182,0.32527644325318206,0.16005763310785048,-0.08162373549277879,0.022054723418333103,71,-0.01402138915503219,0.09798413042891048
benchmark,478,1.4150510743424043,0.4150510743424043,0.2008438952122098,-0.18755237673244818,0.037255980528883924,87,-0.02409883021199617,0.16554183627804075
