series,days,final_nav,total_return,annualized_return,max_drawdown,ulcer_index,recovery_time_days,tail_risk_5pct_mean,vol_annualized
strategy,478,1.3123740528674679,0.3123740528674679,0.15408976669807828,-0.11587732206975576,0.029718246902000114,139,-0.01724643225928447,0.1144572329195523
benchmark,478,1.4150510743424043,0.4150510743424043,0.2008438952122098,-0.18755237673244818,0.037255980528883924,87,-0.02409883021199617,0.16554183627804075
