series,days,final_nav,total_return,annualized_return,max_drawdown,ulcer_index,recovery_time_days,tail_risk_5pct_mean,vol_annualized
strategy,478,1.2971820738108668,0.2971820738108668,0.1470271995121426,-0.08134939655876594,0.024040440202879508,124,-0.014310437270473798,0.09680413032700078
benchmark,478,1.4150510743424043,0.4150510743424043,0.2008438952122098,-0.18755237673244818,0.037255980528883924,87,-0.02409883021199617,0.16554183627804075
