series,days,final_nav,total_return,annualized_return,max_drawdown,ulcer_index,recovery_time_days,tail_risk_5pct_mean,vol_annualized
strategy,478,1.3049069366155759,0.3049069366155759,0.15062325306727153,-0.12090778331867769,0.03189923659953016,140,-0.017395449299778393,0.11500650322155351
benchmark,478,1.4150510743424043,0.4150510743424043,0.2008438952122098,-0.18755237673244818,0.037255980528883924,87,-0.02409883021199617,0.16554183627804075
