series,days,final_nav,total_return,annualized_return,max_drawdown,ulcer_index,recovery_time_days,tail_risk_5pct_mean,vol_annualized
strategy,478,1.3018751717011576,0.30187517170115763,0.14921311864298614,-0.07988020609680457,0.02336064043477992,123,-0.014197937013826567,0.0952052979440777
benchmark,478,1.4150510743424043,0.4150510743424043,0.2008438952122098,-0.18755237673244818,0.037255980528883924,87,-0.02409883021199617,0.16554183627804075
