series,days,final_nav,total_return,annualized_return,max_drawdown,ulcer_index,recovery_time_days,tail_risk_5pct_mean,vol_annualized
strategy,478,1.3338952140941964,0.3338952140941964,0.16402886264412553,-0.1120796490498589,0.026609273099291918,87,-0.01704799287195924,0.11522170730752794
benchmark,478,1.4150510743424043,0.4150510743424043,0.2008438952122098,-0.18755237673244818,0.037255980528883924,87,-0.02409883021199617,0.16554183627804075
