{
    "id":  47,
    "recovery_step":  0.1,
    "recovery_start_cap":  0.5,
    "recovery_vol_q":  0.6,
    "recovery_min_days":  4,
    "cagr_impact":  0.028685771811510778,
    "dd_reduction":  0.402408804396302,
    "score":  0.028685771811510778
}
