{
    "id":  15,
    "new_lows_thr":  0.25,
    "ad_thr":  -0.8,
    "ad_consec":  8,
    "crisis_alloc":  0.3,
    "cagr_impact":  0.11953902559906072,
    "dd_reduction":  0.40391994950724747,
    "crisis_days":  173,
    "score":  0.15146298843661515
}
