{
    "id":  26,
    "recovery_step":  0.06,
    "recovery_start_cap":  0.4,
    "recovery_vol_q":  0.65,
    "recovery_min_days":  4,
    "cagr_impact":  0.040786262104359317,
    "dd_reduction":  0.56479498199471667,
    "score":  0.028786262104359316
}
