series,days,final_nav,total_return,annualized_return,max_drawdown,ulcer_index,recovery_time_days,tail_risk_5pct_mean,vol_annualized
strategy,478,1.330487500690221,0.33048750069022104,0.1624601612658907,-0.11262018485995107,0.026825818329160186,135,-0.017235798661547036,0.1158432225577899
benchmark,478,1.4150510743424043,0.4150510743424043,0.2008438952122098,-0.18755237673244818,0.037255980528883924,87,-0.02409883021199617,0.16554183627804075
