series,days,final_nav,total_return,annualized_return,max_drawdown,ulcer_index,recovery_time_days,tail_risk_5pct_mean,vol_annualized
strategy,2547,3.43719673260222,2.43719673260222,0.12993126192698878,-0.19564006174561444,0.04559001831895586,359,-0.0202951186546253,0.13069882318299136
benchmark,2547,4.027707187799518,3.0277071877995176,0.14779514887523582,-0.3371726416016424,0.07127324890855206,488,-0.02751076970360208,0.1793151038735505
