series,days,final_nav,total_return,annualized_return,max_drawdown,ulcer_index,recovery_time_days,tail_risk_5pct_mean,vol_annualized
strategy,478,1.30798965643299,0.30798965643299003,0.15205550024505388,-0.0774334092959803,0.022369369965133088,79,-0.013816646687702215,0.09472143756432523
benchmark,478,1.4150510743424043,0.4150510743424043,0.2008438952122098,-0.18755237673244818,0.037255980528883924,87,-0.02409883021199617,0.16554183627804075
