series,days,final_nav,total_return,annualized_return,max_drawdown,ulcer_index,recovery_time_days,tail_risk_5pct_mean,vol_annualized
strategy,478,1.3487357123600376,0.34873571236003764,0.1708385256150593,-0.1375450541630171,0.03333233210355946,87,-0.019793321644122282,0.12923974368696048
benchmark,478,1.4150510743424043,0.4150510743424043,0.2008438952122098,-0.18755237673244818,0.037255980528883924,87,-0.02409883021199617,0.16554183627804075
