series,days,final_nav,total_return,annualized_return,max_drawdown,ulcer_index,recovery_time_days,tail_risk_5pct_mean,vol_annualized
strategy,478,1.2894251867561928,0.2894251867561928,0.14340603549148012,-0.07743340929597975,0.022442392862504122,76,-0.01404163896892287,0.09324581711599812
benchmark,478,1.4150510743424043,0.4150510743424043,0.2008438952122098,-0.18755237673244818,0.037255980528883924,87,-0.02409883021199617,0.16554183627804075
