series,days,final_nav,total_return,annualized_return,max_drawdown,ulcer_index,recovery_time_days,tail_risk_5pct_mean,vol_annualized
strategy,478,1.3833014690764842,0.3833014690764842,0.18656322831688765,-0.11295599421534075,0.026093455995086376,102,-0.01852711320973006,0.1240477194601729
benchmark,478,1.4150510743424043,0.4150510743424043,0.2008438952122098,-0.18755237673244818,0.037255980528883924,87,-0.02409883021199617,0.16554183627804075
