series,days,final_nav,total_return,annualized_return,max_drawdown,ulcer_index,recovery_time_days,tail_risk_5pct_mean,vol_annualized
strategy,478,1.383642330256663,0.38364233025666294,0.18671736249057558,-0.11273741650582303,0.02602464734024636,102,-0.01852711320973006,0.12404411957270009
benchmark,478,1.4150510743424043,0.4150510743424043,0.2008438952122098,-0.18755237673244818,0.037255980528883924,87,-0.02409883021199617,0.16554183627804075
