series,days,final_nav,total_return,annualized_return,max_drawdown,ulcer_index,recovery_time_days,tail_risk_5pct_mean,vol_annualized
strategy,478,1.2833557451818376,0.2833557451818376,0.14056543715796144,-0.07356999388663887,0.022866513249891984,79,-0.013752640507503203,0.09084071267855354
benchmark,478,1.4150510743424043,0.4150510743424043,0.2008438952122098,-0.18755237673244818,0.037255980528883924,87,-0.02409883021199617,0.16554183627804075
