series,days,final_nav,total_return,annualized_return,max_drawdown,ulcer_index,recovery_time_days,tail_risk_5pct_mean,vol_annualized
strategy,478,1.3191499397531177,0.3191499397531177,0.15722732410908424,-0.12123789080279779,0.03039557236322351,137,-0.01763173689455559,0.1172483088769502
benchmark,478,1.4150510743424043,0.4150510743424043,0.2008438952122098,-0.18755237673244818,0.037255980528883924,87,-0.02409883021199617,0.16554183627804075
