series,days,final_nav,total_return,annualized_return,max_drawdown,ulcer_index,recovery_time_days,tail_risk_5pct_mean,vol_annualized
strategy,478,1.3164497124441168,0.3164497124441168,0.15597790598047645,-0.08162373549277813,0.02215068807721893,74,-0.014279642094391858,0.09723582616169063
benchmark,478,1.4150510743424043,0.4150510743424043,0.2008438952122098,-0.18755237673244818,0.037255980528883924,87,-0.02409883021199617,0.16554183627804075
