series,days,final_nav,total_return,annualized_return,max_drawdown,ulcer_index,recovery_time_days,tail_risk_5pct_mean,vol_annualized
strategy,478,1.285890507826314,0.2858905078263141,0.14175251844597603,-0.07518205248581566,0.023583989712111536,124,-0.01417171202391635,0.09418992640999875
benchmark,478,1.4150510743424043,0.4150510743424043,0.2008438952122098,-0.18755237673244818,0.037255980528883924,87,-0.02409883021199617,0.16554183627804075
