series,days,final_nav,total_return,annualized_return,max_drawdown,ulcer_index,recovery_time_days,tail_risk_5pct_mean,vol_annualized
strategy,478,1.2332131528610193,0.2332131528610193,0.11685040729991236,-0.13585230827022465,0.03859097437943565,107,-0.018104281736522444,0.11227844534835976
benchmark,478,1.4150510743424043,0.4150510743424043,0.2008438952122098,-0.18755237673244818,0.037255980528883924,87,-0.02409883021199617,0.16554183627804075
