series,days,final_nav,total_return,annualized_return,max_drawdown,ulcer_index,recovery_time_days,tail_risk_5pct_mean,vol_annualized
strategy,478,1.28539080181927,0.2853908018192699,0.14151858349870983,-0.07438193073250632,0.023341453960217237,124,-0.013754122245845218,0.0920617625679206
benchmark,478,1.4150510743424043,0.4150510743424043,0.2008438952122098,-0.18755237673244818,0.037255980528883924,87,-0.02409883021199617,0.16554183627804075
