series,days,final_nav,total_return,annualized_return,max_drawdown,ulcer_index,recovery_time_days,tail_risk_5pct_mean,vol_annualized
strategy,478,1.324629263886968,0.3246292638869679,0.1597589432063582,-0.08162373549277768,0.022212746977195063,71,-0.01420496690747823,0.09800727189271524
benchmark,478,1.4150510743424043,0.4150510743424043,0.2008438952122098,-0.18755237673244818,0.037255980528883924,87,-0.02409883021199617,0.16554183627804075
