series,days,final_nav,total_return,annualized_return,max_drawdown,ulcer_index,recovery_time_days,tail_risk_5pct_mean,vol_annualized
strategy,478,1.270993768793267,0.2709937687932671,0.13476011634649776,-0.1604929078721331,0.041297849390868474,164,-0.019765187554295766,0.12407386955119684
benchmark,478,1.4150510743424043,0.4150510743424043,0.2008438952122098,-0.18755237673244818,0.037255980528883924,87,-0.02409883021199617,0.16554183627804075
