series,days,final_nav,total_return,annualized_return,max_drawdown,ulcer_index,recovery_time_days,tail_risk_5pct_mean,vol_annualized
strategy,478,1.347455945800539,0.34745594580053907,0.1702526964331299,-0.11207964904985812,0.02614835568283888,85,-0.017177468049971393,0.11603402195084918
benchmark,478,1.4150510743424043,0.4150510743424043,0.2008438952122098,-0.18755237673244818,0.037255980528883924,87,-0.02409883021199617,0.16554183627804075
