series,days,final_nav,total_return,annualized_return,max_drawdown,ulcer_index,recovery_time_days,tail_risk_5pct_mean,vol_annualized
strategy,478,1.3214289407606181,0.3214289407606181,0.15828089659613864,-0.11857631047692241,0.02928065050638036,136,-0.017507806027477323,0.11671919393142577
benchmark,478,1.4150510743424043,0.4150510743424043,0.2008438952122098,-0.18755237673244818,0.037255980528883924,87,-0.02409883021199617,0.16554183627804075
