series,days,final_nav,total_return,annualized_return,max_drawdown,ulcer_index,recovery_time_days,tail_risk_5pct_mean,vol_annualized
strategy,478,1.3635392706791238,0.36353927067912384,0.17759603444325922,-0.11165637751497082,0.026456403959223322,57,-0.01839955990842622,0.12230724326746126
benchmark,478,1.4150510743424043,0.4150510743424043,0.2008438952122098,-0.18755237673244818,0.037255980528883924,87,-0.02409883021199617,0.16554183627804075
