{
    "id":  0,
    "window":  126,
    "high_q":  0.85,
    "risk_q":  0.65,
    "cagr_impact":  0.08888215278904732,
    "dd_reduction":  0.34442209761180603,
    "score":  0.29119376234182326
}
