"run","cagr_impact","dd_reduction","dd_gap","cagr_gap"
"v31_backtest_eval_step4_allocscan_48","0.026234277870818","0.289948564210718","0.110051435789282","0.006234277870818"
"v31_backtest_eval_step4_dynamic_5","0.079153920583134","0.30646056094132","0.0935394390586798","0.059153920583134"
"v31_backtest_eval_step4_dynamic_4","0.0793386524708046","0.308414634730953","0.0915853652690474","0.0593386524708046"
"v31_backtest_eval_step4_dynamic_3","0.0810096820270669","0.338203753571815","0.0617962464281845","0.0610096820270669"
"v31_backtest_eval_step4_dynamic_0","0.0888821527890473","0.344422097611806","0.055577902388194","0.0688821527890473"
