series,days,final_nav,total_return,annualized_return,max_drawdown,ulcer_index,recovery_time_days,tail_risk_5pct_mean,vol_annualized
strategy,478,1.3395808328598113,0.33958083285981133,0.1666419594230919,-0.11207964904985845,0.02645470936777434,87,-0.016948648178296624,0.11497738461421295
benchmark,478,1.4150510743424043,0.4150510743424043,0.2008438952122098,-0.18755237673244818,0.037255980528883924,87,-0.02409883021199617,0.16554183627804075
