series,days,final_nav,total_return,annualized_return,max_drawdown,ulcer_index,recovery_time_days,tail_risk_5pct_mean,vol_annualized
strategy,478,1.3550475408204117,0.3550475408204117,0.17372400747184247,-0.1108681596110167,0.026932330665082927,59,-0.01839955990842622,0.12132933144085298
benchmark,478,1.4150510743424043,0.4150510743424043,0.2008438952122098,-0.18755237673244818,0.037255980528883924,87,-0.02409883021199617,0.16554183627804075
