series,days,final_nav,total_return,annualized_return,max_drawdown,ulcer_index,recovery_time_days,tail_risk_5pct_mean,vol_annualized
strategy,478,1.3062314245792908,0.30623142457929076,0.1512388126516615,-0.08079122531401628,0.021894043259524272,74,-0.014043643528488926,0.09585843434442909
benchmark,478,1.4150510743424043,0.4150510743424043,0.2008438952122098,-0.18755237673244818,0.037255980528883924,87,-0.02409883021199617,0.16554183627804075
