series,days,final_nav,total_return,annualized_return,max_drawdown,ulcer_index,recovery_time_days,tail_risk_5pct_mean,vol_annualized
strategy,478,1.3469123461216175,0.3469123461216175,0.17000377726765903,-0.11383459402474605,0.02742002662035801,60,-0.01839955990842622,0.1204744389243541
benchmark,478,1.4150510743424043,0.4150510743424043,0.2008438952122098,-0.18755237673244818,0.037255980528883924,87,-0.02409883021199617,0.16554183627804075
