series,days,final_nav,total_return,annualized_return,max_drawdown,ulcer_index,recovery_time_days,tail_risk_5pct_mean,vol_annualized
strategy,478,1.322956285415873,0.32295628541587296,0.15898650079708232,-0.15329373846369254,0.036638096149346294,92,-0.019765012554295764,0.12611164718055842
benchmark,478,1.4150510743424043,0.4150510743424043,0.2008438952122098,-0.18755237673244818,0.037255980528883924,87,-0.02409883021199617,0.16554183627804075
