series,days,final_nav,total_return,annualized_return,max_drawdown,ulcer_index,recovery_time_days,tail_risk_5pct_mean,vol_annualized
strategy,478,1.3028966783184825,0.30289667831848255,0.14968841504293406,-0.11807080828972039,0.025999348138705893,60,-0.017454980002897164,0.11288578745542434
benchmark,478,1.4150510743424043,0.4150510743424043,0.2008438952122098,-0.18755237673244818,0.037255980528883924,87,-0.02409883021199617,0.16554183627804075
