series,days,final_nav,total_return,annualized_return,max_drawdown,ulcer_index,recovery_time_days,tail_risk_5pct_mean,vol_annualized
strategy,478,1.289350154062384,0.28935015406238396,0.14337095759933205,-0.07356999388663854,0.022801337719671574,79,-0.013605105205351293,0.09151812146021716
benchmark,478,1.4150510743424043,0.4150510743424043,0.2008438952122098,-0.18755237673244818,0.037255980528883924,87,-0.02409883021199617,0.16554183627804075
