series,days,final_nav,total_return,annualized_return,max_drawdown,ulcer_index,recovery_time_days,tail_risk_5pct_mean,vol_annualized
strategy,478,1.3215338543361332,0.32153385433613324,0.15832937700356964,-0.15142434876361655,0.036725431997536265,92,-0.019675002549399995,0.12569368166470718
benchmark,478,1.4150510743424043,0.4150510743424043,0.2008438952122098,-0.18755237673244818,0.037255980528883924,87,-0.02409883021199617,0.16554183627804075
