series,days,final_nav,total_return,annualized_return,max_drawdown,ulcer_index,recovery_time_days,tail_risk_5pct_mean,vol_annualized
strategy,478,1.3494323738157692,0.3494323738157692,0.17115732065331368,-0.1092014954165943,0.0258899611533088,58,-0.017701140810556893,0.11846018995620992
benchmark,478,1.4150510743424043,0.4150510743424043,0.2008438952122098,-0.18755237673244818,0.037255980528883924,87,-0.02409883021199617,0.16554183627804075
