series,days,final_nav,total_return,annualized_return,max_drawdown,ulcer_index,recovery_time_days,tail_risk_5pct_mean,vol_annualized
strategy,478,1.2964866517571787,0.2964866517571787,0.14670297269499466,-0.1605199043552914,0.03947016607184753,149,-0.019765187554295766,0.12508166304997453
benchmark,478,1.4150510743424043,0.4150510743424043,0.2008438952122098,-0.18755237673244818,0.037255980528883924,87,-0.02409883021199617,0.16554183627804075
