series,days,final_nav,total_return,annualized_return,max_drawdown,ulcer_index,recovery_time_days,tail_risk_5pct_mean,vol_annualized
strategy,478,1.2970560820429045,0.29705608204290446,0.14696846443214118,-0.07743340929597986,0.022481519671050953,76,-0.01414801466699526,0.09410287230552208
benchmark,478,1.4150510743424043,0.4150510743424043,0.2008438952122098,-0.18755237673244818,0.037255980528883924,87,-0.02409883021199617,0.16554183627804075
