series,days,final_nav,total_return,annualized_return,max_drawdown,ulcer_index,recovery_time_days,tail_risk_5pct_mean,vol_annualized
strategy,478,1.3637343408216902,0.3637343408216902,0.1776848476277879,-0.11165637751497182,0.02644938886034929,57,-0.01839955990842622,0.12230598070072407
benchmark,478,1.4150510743424043,0.4150510743424043,0.2008438952122098,-0.18755237673244818,0.037255980528883924,87,-0.02409883021199617,0.16554183627804075
