series,days,final_nav,total_return,annualized_return,max_drawdown,ulcer_index,recovery_time_days,tail_risk_5pct_mean,vol_annualized
strategy,478,1.3231557240930407,0.3231557240930407,0.1590786092390386,-0.1114981335043208,0.027696377284350742,88,-0.01702274003187692,0.11374013885829297
benchmark,478,1.4150510743424043,0.4150510743424043,0.2008438952122098,-0.18755237673244818,0.037255980528883924,87,-0.02409883021199617,0.16554183627804075
