series,days,final_nav,total_return,annualized_return,max_drawdown,ulcer_index,recovery_time_days,tail_risk_5pct_mean,vol_annualized
strategy,478,1.2704117470599647,0.27041174705996474,0.13448613593708525,-0.15632080087037603,0.041753826095404616,150,-0.019324050688188807,0.12258877147604691
benchmark,478,1.4150510743424043,0.4150510743424043,0.2008438952122098,-0.18755237673244818,0.037255980528883924,87,-0.02409883021199617,0.16554183627804075
