series,days,final_nav,total_return,annualized_return,max_drawdown,ulcer_index,recovery_time_days,tail_risk_5pct_mean,vol_annualized
strategy,478,1.3143054490525332,0.3143054490525332,0.15498487370457892,-0.08162373549277835,0.022044247619771588,71,-0.014024535020050534,0.09648072689562752
benchmark,478,1.4150510743424043,0.4150510743424043,0.2008438952122098,-0.18755237673244818,0.037255980528883924,87,-0.02409883021199617,0.16554183627804075
