series,days,final_nav,total_return,annualized_return,max_drawdown,ulcer_index,recovery_time_days,tail_risk_5pct_mean,vol_annualized
strategy,478,1.282765679405193,0.2827656794051929,0.14028893824281008,-0.07589329016634905,0.02396326902828598,133,-0.0143518417643433,0.0950950154863084
benchmark,478,1.4150510743424043,0.4150510743424043,0.2008438952122098,-0.18755237673244818,0.037255980528883924,87,-0.02409883021199617,0.16554183627804075
