series,days,final_nav,total_return,annualized_return,max_drawdown,ulcer_index,recovery_time_days,tail_risk_5pct_mean,vol_annualized
strategy,478,1.3329224314963626,0.3329224314963626,0.16358124688764164,-0.13514034898457905,0.033157421388930575,136,-0.01972006846092286,0.1283347599836048
benchmark,478,1.4150510743424043,0.4150510743424043,0.2008438952122098,-0.18755237673244818,0.037255980528883924,87,-0.02409883021199617,0.16554183627804075
