series,days,final_nav,total_return,annualized_return,max_drawdown,ulcer_index,recovery_time_days,tail_risk_5pct_mean,vol_annualized
strategy,478,1.2713260728696056,0.27132607286960564,0.13491651827887807,-0.07356999388663843,0.02280192179958565,85,-0.013493300828170329,0.08873063506209804
benchmark,478,1.4150510743424043,0.4150510743424043,0.2008438952122098,-0.18755237673244818,0.037255980528883924,87,-0.02409883021199617,0.16554183627804075
