series,days,final_nav,total_return,annualized_return,max_drawdown,ulcer_index,recovery_time_days,tail_risk_5pct_mean,vol_annualized
strategy,478,1.3298408617246107,0.3298408617246107,0.16216227416226747,-0.11332958019857964,0.02722278235950972,135,-0.017146920898955188,0.11556885188573714
benchmark,478,1.4150510743424043,0.4150510743424043,0.2008438952122098,-0.18755237673244818,0.037255980528883924,87,-0.02409883021199617,0.16554183627804075
