series,days,final_nav,total_return,annualized_return,max_drawdown,ulcer_index,recovery_time_days,tail_risk_5pct_mean,vol_annualized
strategy,478,1.3257198847017189,0.32571988470171886,0.16026225291324225,-0.11149813350432047,0.027547208656122164,88,-0.016925155948552758,0.11305884589728278
benchmark,478,1.4150510743424043,0.4150510743424043,0.2008438952122098,-0.18755237673244818,0.037255980528883924,87,-0.02409883021199617,0.16554183627804075
