series,days,final_nav,total_return,annualized_return,max_drawdown,ulcer_index,recovery_time_days,tail_risk_5pct_mean,vol_annualized
strategy,478,1.2301316198612064,0.23013161986120645,0.1153782537511645,-0.12970692599077338,0.03717365140641951,105,-0.01810228173652245,0.11216026115261896
benchmark,478,1.4150510743424043,0.4150510743424043,0.2008438952122098,-0.18755237673244818,0.037255980528883924,87,-0.02409883021199617,0.16554183627804075
