series,days,final_nav,total_return,annualized_return,max_drawdown,ulcer_index,recovery_time_days,tail_risk_5pct_mean,vol_annualized
strategy,478,1.3124660586486905,0.3124660586486905,0.15413242096858215,-0.11555598869695838,0.029418563052675123,139,-0.01738404182706572,0.11484872753873747
benchmark,478,1.4150510743424043,0.4150510743424043,0.2008438952122098,-0.18755237673244818,0.037255980528883924,87,-0.02409883021199617,0.16554183627804075
