series,days,final_nav,total_return,annualized_return,max_drawdown,ulcer_index,recovery_time_days,tail_risk_5pct_mean,vol_annualized
strategy,478,1.36406830635238,0.36406830635237997,0.17783688433643796,-0.11997344268266907,0.028855720191691497,105,-0.01852711320973006,0.1230405057629921
benchmark,478,1.4150510743424043,0.4150510743424043,0.2008438952122098,-0.18755237673244818,0.037255980528883924,87,-0.02409883021199617,0.16554183627804075
