series,days,final_nav,total_return,annualized_return,max_drawdown,ulcer_index,recovery_time_days,tail_risk_5pct_mean,vol_annualized
strategy,478,1.3845520824656519,0.38455208246565187,0.18712865588173733,-0.11239497508799057,0.025945475894097528,102,-0.01852711320973006,0.1240394930591456
benchmark,478,1.4150510743424043,0.4150510743424043,0.2008438952122098,-0.18755237673244818,0.037255980528883924,87,-0.02409883021199617,0.16554183627804075
