series,days,final_nav,total_return,annualized_return,max_drawdown,ulcer_index,recovery_time_days,tail_risk_5pct_mean,vol_annualized
strategy,478,1.1709851919708285,0.1709851919708285,0.08677607813210342,-0.12596987936745574,0.03229050833472253,107,-0.01659590840622972,0.10160965944253972
benchmark,478,1.4150510743424043,0.4150510743424043,0.2008438952122098,-0.18755237673244818,0.037255980528883924,87,-0.02409883021199617,0.16554183627804075
