series,days,final_nav,total_return,annualized_return,max_drawdown,ulcer_index,recovery_time_days,tail_risk_5pct_mean,vol_annualized
strategy,478,1.2727938634396778,0.2727938634396778,0.13560711612243703,-0.07683531980186187,0.024087818441845054,135,-0.014132855725927915,0.09157569562627911
benchmark,478,1.4150510743424043,0.4150510743424043,0.2008438952122098,-0.18755237673244818,0.037255980528883924,87,-0.02409883021199617,0.16554183627804075
