series,days,final_nav,total_return,annualized_return,max_drawdown,ulcer_index,recovery_time_days,tail_risk_5pct_mean,vol_annualized
strategy,478,1.322271715428283,0.32227171542828303,0.15867029012792266,-0.08162373549277846,0.022094053161071846,71,-0.014107382824154068,0.09727070256450109
benchmark,478,1.4150510743424043,0.4150510743424043,0.2008438952122098,-0.18755237673244818,0.037255980528883924,87,-0.02409883021199617,0.16554183627804075
