series,days,final_nav,total_return,annualized_return,max_drawdown,ulcer_index,recovery_time_days,tail_risk_5pct_mean,vol_annualized
strategy,478,1.2820381429445074,0.28203814294450735,0.13994793914623638,-0.07882350222185397,0.024878170531336983,133,-0.014079914896110357,0.09367492082051682
benchmark,478,1.4150510743424043,0.4150510743424043,0.2008438952122098,-0.18755237673244818,0.037255980528883924,87,-0.02409883021199617,0.16554183627804075
