series,days,final_nav,total_return,annualized_return,max_drawdown,ulcer_index,recovery_time_days,tail_risk_5pct_mean,vol_annualized
strategy,478,1.3455209725265664,0.34552097252656644,0.16936643836350784,-0.11207964904985857,0.026041930376767282,85,-0.017173624135324233,0.11629547982896346
benchmark,478,1.4150510743424043,0.4150510743424043,0.2008438952122098,-0.18755237673244818,0.037255980528883924,87,-0.02409883021199617,0.16554183627804075
