series,days,final_nav,total_return,annualized_return,max_drawdown,ulcer_index,recovery_time_days,tail_risk_5pct_mean,vol_annualized
strategy,478,1.3460796031623943,0.3460796031623943,0.16962236466945413,-0.1120796490498589,0.026145136121583378,85,-0.01705328718289312,0.11590169808336673
benchmark,478,1.4150510743424043,0.4150510743424043,0.2008438952122098,-0.18755237673244818,0.037255980528883924,87,-0.02409883021199617,0.16554183627804075
