series,days,final_nav,total_return,annualized_return,max_drawdown,ulcer_index,recovery_time_days,tail_risk_5pct_mean,vol_annualized
strategy,478,1.239470078373823,0.23947007837382306,0.11983421318514287,-0.12412145893021898,0.035312769790489924,103,-0.016957002256320453,0.10543842743004961
benchmark,478,1.4150510743424043,0.4150510743424043,0.2008438952122098,-0.18755237673244818,0.037255980528883924,87,-0.02409883021199617,0.16554183627804075
