series,days,final_nav,total_return,annualized_return,max_drawdown,ulcer_index,recovery_time_days,tail_risk_5pct_mean,vol_annualized
strategy,478,1.3200213025195393,0.3200213025195393,0.15763025295483146,-0.1114981335043208,0.02774632501908828,88,-0.017333702813567747,0.11479498238866058
benchmark,478,1.4150510743424043,0.4150510743424043,0.2008438952122098,-0.18755237673244818,0.037255980528883924,87,-0.02409883021199617,0.16554183627804075
