series,days,final_nav,total_return,annualized_return,max_drawdown,ulcer_index,recovery_time_days,tail_risk_5pct_mean,vol_annualized
strategy,478,1.3493799269391171,0.3493799269391171,0.1711333234640422,-0.1376723148126614,0.03327643953495505,87,-0.019877641487430518,0.12972178777586943
benchmark,478,1.4150510743424043,0.4150510743424043,0.2008438952122098,-0.18755237673244818,0.037255980528883924,87,-0.02409883021199617,0.16554183627804075
