series,days,final_nav,total_return,annualized_return,max_drawdown,ulcer_index,recovery_time_days,tail_risk_5pct_mean,vol_annualized
strategy,478,1.2835928548151172,0.2835928548151172,0.14067652742824244,-0.1224086098583328,0.026896878853571688,85,-0.017454980002897164,0.11238113593329428
benchmark,478,1.4150510743424043,0.4150510743424043,0.2008438952122098,-0.18755237673244818,0.037255980528883924,87,-0.02409883021199617,0.16554183627804075
