series,days,final_nav,total_return,annualized_return,max_drawdown,ulcer_index,recovery_time_days,tail_risk_5pct_mean,vol_annualized
strategy,478,1.305657321775784,0.3056573217757841,0.1509720329772264,-0.0875244481688714,0.024555584525009524,122,-0.01478423156920444,0.10117386840139556
benchmark,478,1.4150510743424043,0.4150510743424043,0.2008438952122098,-0.18755237673244818,0.037255980528883924,87,-0.02409883021199617,0.16554183627804075
