series,days,final_nav,total_return,annualized_return,max_drawdown,ulcer_index,recovery_time_days,tail_risk_5pct_mean,vol_annualized
strategy,478,1.3369398680113904,0.3369398680113904,0.16542883180633594,-0.11207964904985845,0.02657931769989756,87,-0.01702274003187692,0.11523194521946263
benchmark,478,1.4150510743424043,0.4150510743424043,0.2008438952122098,-0.18755237673244818,0.037255980528883924,87,-0.02409883021199617,0.16554183627804075
