series,days,final_nav,total_return,annualized_return,max_drawdown,ulcer_index,recovery_time_days,tail_risk_5pct_mean,vol_annualized
strategy,478,1.31243053177574,0.3124305317757401,0.15411595072712037,-0.08465265385448917,0.02345482554885109,119,-0.014526120578853366,0.10000019654556205
benchmark,478,1.4150510743424043,0.4150510743424043,0.2008438952122098,-0.18755237673244818,0.037255980528883924,87,-0.02409883021199617,0.16554183627804075
