series,days,final_nav,total_return,annualized_return,max_drawdown,ulcer_index,recovery_time_days,tail_risk_5pct_mean,vol_annualized
strategy,478,1.326882534829712,0.32688253482971197,0.16079858782946488,-0.11149813350432047,0.02754468926420239,88,-0.016925155948552758,0.11344460806694119
benchmark,478,1.4150510743424043,0.4150510743424043,0.2008438952122098,-0.18755237673244818,0.037255980528883924,87,-0.02409883021199617,0.16554183627804075
