series,days,final_nav,total_return,annualized_return,max_drawdown,ulcer_index,recovery_time_days,tail_risk_5pct_mean,vol_annualized
strategy,478,1.2798463591472657,0.27984635914726574,0.13892008838563186,-0.08288929570513703,0.026396787059984064,134,-0.014281872766421838,0.09369258334789136
benchmark,478,1.4150510743424043,0.4150510743424043,0.2008438952122098,-0.18755237673244818,0.037255980528883924,87,-0.02409883021199617,0.16554183627804075
