series,days,final_nav,total_return,annualized_return,max_drawdown,ulcer_index,recovery_time_days,tail_risk_5pct_mean,vol_annualized
strategy,478,1.3511114844369585,0.3511114844369585,0.17192536867344543,-0.13692540221707494,0.033061473167039945,87,-0.019894149124779683,0.12998282155769883
benchmark,478,1.4150510743424043,0.4150510743424043,0.2008438952122098,-0.18755237673244818,0.037255980528883924,87,-0.02409883021199617,0.16554183627804075
