series,days,final_nav,total_return,annualized_return,max_drawdown,ulcer_index,recovery_time_days,tail_risk_5pct_mean,vol_annualized
strategy,478,1.3840229533427377,0.3840229533427377,0.18688945540397373,-0.11261378223440144,0.025999853000867528,102,-0.01852711320973006,0.12404268152179736
benchmark,478,1.4150510743424043,0.4150510743424043,0.2008438952122098,-0.18755237673244818,0.037255980528883924,87,-0.02409883021199617,0.16554183627804075
