series,days,final_nav,total_return,annualized_return,max_drawdown,ulcer_index,recovery_time_days,tail_risk_5pct_mean,vol_annualized
strategy,478,1.303768062794313,0.3037680627943129,0.15009372193909698,-0.07691460690168728,0.022557566788159265,122,-0.013965663728196137,0.0952642491948006
benchmark,478,1.4150510743424043,0.4150510743424043,0.2008438952122098,-0.18755237673244818,0.037255980528883924,87,-0.02409883021199617,0.16554183627804075
