series,days,final_nav,total_return,annualized_return,max_drawdown,ulcer_index,recovery_time_days,tail_risk_5pct_mean,vol_annualized
strategy,478,1.2904887696299763,0.2904887696299763,0.1439031582561603,-0.17399005062576722,0.042571807358132825,119,-0.021025779544511392,0.1307117888108391
benchmark,478,1.4150510743424043,0.4150510743424043,0.2008438952122098,-0.18755237673244818,0.037255980528883924,87,-0.02409883021199617,0.16554183627804075
