series,days,final_nav,total_return,annualized_return,max_drawdown,ulcer_index,recovery_time_days,tail_risk_5pct_mean,vol_annualized
strategy,478,1.2849740911314078,0.2849740911314078,0.14132346952684305,-0.07931636987639457,0.0248949416750396,133,-0.014132855725927915,0.0929686935569732
benchmark,478,1.4150510743424043,0.4150510743424043,0.2008438952122098,-0.18755237673244818,0.037255980528883924,87,-0.02409883021199617,0.16554183627804075
