series,days,final_nav,total_return,annualized_return,max_drawdown,ulcer_index,recovery_time_days,tail_risk_5pct_mean,vol_annualized
strategy,478,1.3455574375726262,0.34555743757262625,0.16938314568316382,-0.11017619598808381,0.02608000953858603,57,-0.01839955990842622,0.12187606458728255
benchmark,478,1.4150510743424043,0.4150510743424043,0.2008438952122098,-0.18755237673244818,0.037255980528883924,87,-0.02409883021199617,0.16554183627804075
