series,days,final_nav,total_return,annualized_return,max_drawdown,ulcer_index,recovery_time_days,tail_risk_5pct_mean,vol_annualized
strategy,478,1.3009751265624216,0.30097512656242165,0.14879419086096446,-0.0774334092959793,0.022556048798328964,74,-0.014045630636573584,0.09429635530103524
benchmark,478,1.4150510743424043,0.4150510743424043,0.2008438952122098,-0.18755237673244818,0.037255980528883924,87,-0.02409883021199617,0.16554183627804075
