series,days,final_nav,total_return,annualized_return,max_drawdown,ulcer_index,recovery_time_days,tail_risk_5pct_mean,vol_annualized
strategy,478,1.3351268856102605,0.3351268856102605,0.1645953820740078,-0.11343488225108811,0.026977662884349066,135,-0.01730364916994841,0.11659220744687429
benchmark,478,1.4150510743424043,0.4150510743424043,0.2008438952122098,-0.18755237673244818,0.037255980528883924,87,-0.02409883021199617,0.16554183627804075
