series,days,final_nav,total_return,annualized_return,max_drawdown,ulcer_index,recovery_time_days,tail_risk_5pct_mean,vol_annualized
strategy,478,1.337370746666288,0.3373707466662881,0.16562683328045047,-0.1474794029503863,0.03504382164871706,89,-0.020453971076468107,0.1314599665510587
benchmark,478,1.4150510743424043,0.4150510743424043,0.2008438952122098,-0.18755237673244818,0.037255980528883924,87,-0.02409883021199617,0.16554183627804075
