series,days,final_nav,total_return,annualized_return,max_drawdown,ulcer_index,recovery_time_days,tail_risk_5pct_mean,vol_annualized
strategy,478,1.299431900539406,0.29943190053940594,0.14807557423797668,-0.07761220235681687,0.022931912004658425,122,-0.014520311626939134,0.0979847969139724
benchmark,478,1.4150510743424043,0.4150510743424043,0.2008438952122098,-0.18755237673244818,0.037255980528883924,87,-0.02409883021199617,0.16554183627804075
