series,days,final_nav,total_return,annualized_return,max_drawdown,ulcer_index,recovery_time_days,tail_risk_5pct_mean,vol_annualized
strategy,478,1.3041353952343622,0.30413539523436217,0.15026454083047613,-0.12216309896050193,0.03226149434843446,140,-0.01763173689455559,0.11580176806394621
benchmark,478,1.4150510743424043,0.4150510743424043,0.2008438952122098,-0.18755237673244818,0.037255980528883924,87,-0.02409883021199617,0.16554183627804075
