series,days,final_nav,total_return,annualized_return,max_drawdown,ulcer_index,recovery_time_days,tail_risk_5pct_mean,vol_annualized
strategy,478,1.3398089932505286,0.3398089932505286,0.1667467118462227,-0.11207964904985868,0.026185696090088254,85,-0.017272968828986848,0.1165410642549289
benchmark,478,1.4150510743424043,0.4150510743424043,0.2008438952122098,-0.18755237673244818,0.037255980528883924,87,-0.02409883021199617,0.16554183627804075
