series,days,final_nav,total_return,annualized_return,max_drawdown,ulcer_index,recovery_time_days,tail_risk_5pct_mean,vol_annualized
strategy,478,1.2730103773863992,0.2730103773863992,0.13570895441040864,-0.07356999388663843,0.022833435787684854,85,-0.013725357168265584,0.0897780221710563
benchmark,478,1.4150510743424043,0.4150510743424043,0.2008438952122098,-0.18755237673244818,0.037255980528883924,87,-0.02409883021199617,0.16554183627804075
