series,days,final_nav,total_return,annualized_return,max_drawdown,ulcer_index,recovery_time_days,tail_risk_5pct_mean,vol_annualized
strategy,478,1.3526405261177485,0.35264052611774854,0.1726243806211909,-0.1350481039398943,0.03280023842208314,87,-0.01972006846092286,0.12906316639362356
benchmark,478,1.4150510743424043,0.4150510743424043,0.2008438952122098,-0.18755237673244818,0.037255980528883924,87,-0.02409883021199617,0.16554183627804075
