series,days,final_nav,total_return,annualized_return,max_drawdown,ulcer_index,recovery_time_days,tail_risk_5pct_mean,vol_annualized
strategy,478,1.2292305881416585,0.22923058814165853,0.11494747077079603,-0.13086421296433948,0.037630063330675825,107,-0.01810228173652245,0.11233139890596147
benchmark,478,1.4150510743424043,0.4150510743424043,0.2008438952122098,-0.18755237673244818,0.037255980528883924,87,-0.02409883021199617,0.16554183627804075
