series,days,final_nav,total_return,annualized_return,max_drawdown,ulcer_index,recovery_time_days,tail_risk_5pct_mean,vol_annualized
strategy,478,1.3250180407734995,0.3250180407734995,0.1599383819983582,-0.11229636744734428,0.02708444822023412,104,-0.01839955990842622,0.1199922223170944
benchmark,478,1.4150510743424043,0.4150510743424043,0.2008438952122098,-0.18755237673244818,0.037255980528883924,87,-0.02409883021199617,0.16554183627804075
