series,days,final_nav,total_return,annualized_return,max_drawdown,ulcer_index,recovery_time_days,tail_risk_5pct_mean,vol_annualized
strategy,478,1.3304102463176406,0.3304102463176406,0.16242457610328853,-0.11554746356364964,0.028002413129546013,135,-0.017271101766033456,0.1156856478706065
benchmark,478,1.4150510743424043,0.4150510743424043,0.2008438952122098,-0.18755237673244818,0.037255980528883924,87,-0.02409883021199617,0.16554183627804075
