series,days,final_nav,total_return,annualized_return,max_drawdown,ulcer_index,recovery_time_days,tail_risk_5pct_mean,vol_annualized
strategy,478,1.3172239502715704,0.31722395027157035,0.1563362762071996,-0.08162373549277879,0.022387475355217096,71,-0.014535869835047904,0.1002009370802798
benchmark,478,1.4150510743424043,0.4150510743424043,0.2008438952122098,-0.18755237673244818,0.037255980528883924,87,-0.02409883021199617,0.16554183627804075
