leverage,cagr,mdd,sharpe,calmar,cagr_uplift_vs_1x,mdd_delta_vs_1x,mdd_vs_benchmark_ok,excess_cagr_vs_benchmark
1.0,0.12367361784825026,-0.17845179749324702,1.0038024603836233,0.6930365487236424,0.0,0.0,True,-0.023687976515736286
1.1,0.13588604210525146,-0.1950249341212419,1.0038024603836233,0.6967624048562666,0.012212424257001198,0.016573136627994867,True,-0.011475552258735089
1.15,0.14197551687065513,-0.2032252884407495,1.0038024603836233,0.6986114669092878,0.018301899022404866,0.024773490947502474,True,-0.00538607749333142
1.2,0.14805309785023946,-0.21136826222356442,1.0038024603836235,0.7004509394775813,0.024379480001989196,0.032916464730317396,True,0.000691503486252909
