series,days,final_nav,total_return,annualized_return,max_drawdown,ulcer_index,recovery_time_days,tail_risk_5pct_mean,vol_annualized
strategy,4782,1.0823890642791214,0.0823890642791214,0.004180822221753422,-0.08744479214380274,0.0428300494909683,4603,-0.002512551323333683,0.026317251178159213
benchmark,4782,1.2128940188122703,0.21289401881227032,0.010223029352175228,-0.08405634740059853,0.0046645687750929,45,-0.00014545474026487224,0.029688100175044852
