series,days,final_nav,total_return,annualized_return,max_drawdown,ulcer_index,recovery_time_days,tail_risk_5pct_mean,vol_annualized
strategy,478,0.9911107222498663,-0.008889277750133706,-0.004696288874360577,-0.08680293484711898,0.046671654061479696,239,-0.011062135406556714,0.06312767512331721
benchmark,478,1.4150510743424043,0.4150510743424043,0.2008438952122098,-0.18755237673244818,0.037255980528883924,87,-0.02409883021199617,0.16554183627804075
