series,days,final_nav,total_return,annualized_return,max_drawdown,ulcer_index,recovery_time_days,tail_risk_5pct_mean,vol_annualized
strategy,478,1.3484416354370221,0.3484416354370221,0.17070393148360163,-0.12480867462491962,0.030481321202661445,121,-0.01852711320973006,0.1213686207091886
benchmark,478,1.4150510743424043,0.4150510743424043,0.2008438952122098,-0.18755237673244818,0.037255980528883924,87,-0.02409883021199617,0.16554183627804075
