series,days,final_nav,total_return,annualized_return,max_drawdown,ulcer_index,recovery_time_days,tail_risk_5pct_mean,vol_annualized
strategy,478,1.3229409355107167,0.3229409355107167,0.1589794113491798,-0.11149813350432047,0.027591448871695318,88,-0.017077855686814792,0.11403871445732094
benchmark,478,1.4150510743424043,0.4150510743424043,0.2008438952122098,-0.18755237673244818,0.037255980528883924,87,-0.02409883021199617,0.16554183627804075
