series,days,final_nav,total_return,annualized_return,max_drawdown,ulcer_index,recovery_time_days,tail_risk_5pct_mean,vol_annualized
strategy,477,1.2606015157491846,0.26060151574918455,0.1301483484526651,-0.11234597627881826,0.036779082293572046,152,-0.017378976606375864,0.11064586029106294
benchmark,477,1.4150510743424043,0.4150510743424043,0.2013047465563953,-0.18755237673244818,0.03729501247309207,87,-0.02409883021199617,0.16571429623372175
