series,days,final_nav,total_return,annualized_return,max_drawdown,ulcer_index,recovery_time_days,tail_risk_5pct_mean,vol_annualized
strategy,478,1.3205397434608896,0.32053974346088965,0.15786992674595557,-0.08079122531401572,0.022150376905742463,71,-0.014170406195526114,0.09851981617355977
benchmark,478,1.4150510743424043,0.4150510743424043,0.2008438952122098,-0.18755237673244818,0.037255980528883924,87,-0.02409883021199617,0.16554183627804075
