series,days,final_nav,total_return,annualized_return,max_drawdown,ulcer_index,recovery_time_days,tail_risk_5pct_mean,vol_annualized
strategy,478,1.3082545040902207,0.3082545040902207,0.15217847531686002,-0.08598462530807904,0.024006362941261322,122,-0.014873023902306187,0.10147038337260367
benchmark,478,1.4150510743424043,0.4150510743424043,0.2008438952122098,-0.18755237673244818,0.037255980528883924,87,-0.02409883021199617,0.16554183627804075
