series,days,final_nav,total_return,annualized_return,max_drawdown,ulcer_index,recovery_time_days,tail_risk_5pct_mean,vol_annualized
strategy,478,1.2742722561438584,0.2742722561438584,0.13630232176235157,-0.07356999388663821,0.022824947330836984,85,-0.013595284183152706,0.08972157157443818
benchmark,478,1.4150510743424043,0.4150510743424043,0.2008438952122098,-0.18755237673244818,0.037255980528883924,87,-0.02409883021199617,0.16554183627804075
