series,days,final_nav,total_return,annualized_return,max_drawdown,ulcer_index,recovery_time_days,tail_risk_5pct_mean,vol_annualized
strategy,478,1.3028139948995336,0.30281399489953365,0.14964994986334834,-0.08954148965863407,0.025423999412636906,124,-0.015022040942800111,0.1021924163436756
benchmark,478,1.4150510743424043,0.4150510743424043,0.2008438952122098,-0.18755237673244818,0.037255980528883924,87,-0.02409883021199617,0.16554183627804075
