series,days,final_nav,total_return,annualized_return,max_drawdown,ulcer_index,recovery_time_days,tail_risk_5pct_mean,vol_annualized
strategy,478,1.243369088864328,0.24336908886432806,0.12168997462907583,-0.1300749701531443,0.03726996821793132,105,-0.018104281736522444,0.11172503570893563
benchmark,478,1.4150510743424043,0.4150510743424043,0.2008438952122098,-0.18755237673244818,0.037255980528883924,87,-0.02409883021199617,0.16554183627804075
