series,days,final_nav,total_return,annualized_return,max_drawdown,ulcer_index,recovery_time_days,tail_risk_5pct_mean,vol_annualized
strategy,478,1.3550288851453876,0.35502888514538755,0.1737154883176084,-0.13442301134872092,0.032537735691655675,87,-0.019775032350210695,0.12979061247573556
benchmark,478,1.4150510743424043,0.4150510743424043,0.2008438952122098,-0.18755237673244818,0.037255980528883924,87,-0.02409883021199617,0.16554183627804075
