series,days,final_nav,total_return,annualized_return,max_drawdown,ulcer_index,recovery_time_days,tail_risk_5pct_mean,vol_annualized
strategy,478,1.309979382004729,0.30997938200472896,0.15297908940466054,-0.0845641494356526,0.02342437828088637,122,-0.01466005070212617,0.10061860633502738
benchmark,478,1.4150510743424043,0.4150510743424043,0.2008438952122098,-0.18755237673244818,0.037255980528883924,87,-0.02409883021199617,0.16554183627804075
