series,days,final_nav,total_return,annualized_return,max_drawdown,ulcer_index,recovery_time_days,tail_risk_5pct_mean,vol_annualized
strategy,478,1.3091545354076002,0.3091545354076002,0.15259629334086489,-0.0816237354927779,0.021896944811980595,74,-0.013894626487995004,0.09536150273593681
benchmark,478,1.4150510743424043,0.4150510743424043,0.2008438952122098,-0.18755237673244818,0.037255980528883924,87,-0.02409883021199617,0.16554183627804075
