series,days,final_nav,total_return,annualized_return,max_drawdown,ulcer_index,recovery_time_days,tail_risk_5pct_mean,vol_annualized
strategy,478,1.3052385561387632,0.30523855613876316,0.15077740190432065,-0.0774334092959793,0.02251446900210716,79,-0.013891155207949176,0.09495769814128248
benchmark,478,1.4150510743424043,0.4150510743424043,0.2008438952122098,-0.18755237673244818,0.037255980528883924,87,-0.02409883021199617,0.16554183627804075
