series,days,final_nav,total_return,annualized_return,max_drawdown,ulcer_index,recovery_time_days,tail_risk_5pct_mean,vol_annualized
strategy,478,1.2874286930924363,0.28742869309243635,0.14247234277662657,-0.07518205248581478,0.023393665837138013,126,-0.0139099968318537,0.09179628894279328
benchmark,478,1.4150510743424043,0.4150510743424043,0.2008438952122098,-0.18755237673244818,0.037255980528883924,87,-0.02409883021199617,0.16554183627804075
