series,days,final_nav,total_return,annualized_return,max_drawdown,ulcer_index,recovery_time_days,tail_risk_5pct_mean,vol_annualized
strategy,478,1.2900297336380024,0.29002973363800244,0.14368862682142902,-0.08490436625971054,0.025382316077300387,124,-0.014597785869755879,0.09812618856827585
benchmark,478,1.4150510743424043,0.4150510743424043,0.2008438952122098,-0.18755237673244818,0.037255980528883924,87,-0.02409883021199617,0.16554183627804075
