series,days,final_nav,total_return,annualized_return,max_drawdown,ulcer_index,recovery_time_days,tail_risk_5pct_mean,vol_annualized
strategy,478,1.2899412839513194,0.28994128395131935,0.14364728552758033,-0.07589329016634971,0.023689844065347736,124,-0.013983838685433993,0.09248646265148308
benchmark,478,1.4150510743424043,0.4150510743424043,0.2008438952122098,-0.18755237673244818,0.037255980528883924,87,-0.02409883021199617,0.16554183627804075
