series,days,final_nav,total_return,annualized_return,max_drawdown,ulcer_index,recovery_time_days,tail_risk_5pct_mean,vol_annualized
strategy,478,1.383852451199144,0.3838524511991439,0.18681236823173375,-0.11272310213546166,0.026034210541642358,102,-0.01852711320973006,0.12404452523336812
benchmark,478,1.4150510743424043,0.4150510743424043,0.2008438952122098,-0.18755237673244818,0.037255980528883924,87,-0.02409883021199617,0.16554183627804075
