series,days,final_nav,total_return,annualized_return,max_drawdown,ulcer_index,recovery_time_days,tail_risk_5pct_mean,vol_annualized
strategy,478,1.3254559012075104,0.32545590120751045,0.1601404453499038,-0.11597605240212006,0.028155577170450502,136,-0.01733514335520965,0.11614018661144479
benchmark,478,1.4150510743424043,0.4150510743424043,0.2008438952122098,-0.18755237673244818,0.037255980528883924,87,-0.02409883021199617,0.16554183627804075
