series,days,final_nav,total_return,annualized_return,max_drawdown,ulcer_index,recovery_time_days,tail_risk_5pct_mean,vol_annualized
strategy,478,1.2229941770781467,0.22299417707814673,0.11196174242316248,-0.12295519372617869,0.03456094455653604,105,-0.016771350669922625,0.10331948892932996
benchmark,478,1.4150510743424043,0.4150510743424043,0.2008438952122098,-0.18755237673244818,0.037255980528883924,87,-0.02409883021199617,0.16554183627804075
