series,days,final_nav,total_return,annualized_return,max_drawdown,ulcer_index,recovery_time_days,tail_risk_5pct_mean,vol_annualized
strategy,478,1.340226472235961,0.3402264722359609,0.16693836191231526,-0.11207964904985845,0.026413940394103167,87,-0.016948648178296624,0.11467197612477054
benchmark,478,1.4150510743424043,0.4150510743424043,0.2008438952122098,-0.18755237673244818,0.037255980528883924,87,-0.02409883021199617,0.16554183627804075
