series,days,final_nav,total_return,annualized_return,max_drawdown,ulcer_index,recovery_time_days,tail_risk_5pct_mean,vol_annualized
strategy,478,1.2710713742481667,0.27107137424816674,0.13479664378903822,-0.07596184710945642,0.023739841898740333,135,-0.014034177698931968,0.09094979662224033
benchmark,478,1.4150510743424043,0.4150510743424043,0.2008438952122098,-0.18755237673244818,0.037255980528883924,87,-0.02409883021199617,0.16554183627804075
