series,days,final_nav,total_return,annualized_return,max_drawdown,ulcer_index,recovery_time_days,tail_risk_5pct_mean,vol_annualized
strategy,478,1.2922225085858259,0.2922225085858259,0.14471309950723787,-0.07659643308178077,0.02238704182383939,79,-0.013937946659054396,0.09346258163888051
benchmark,478,1.4150510743424043,0.4150510743424043,0.2008438952122098,-0.18755237673244818,0.037255980528883924,87,-0.02409883021199617,0.16554183627804075
