series,days,final_nav,total_return,annualized_return,max_drawdown,ulcer_index,recovery_time_days,tail_risk_5pct_mean,vol_annualized
strategy,478,1.0589408405331397,0.05894084053313975,0.030652535600578235,-0.0961268575079558,0.03491686243180097,239,-0.011470281579767561,0.0694653522967464
benchmark,478,1.4150510743424043,0.4150510743424043,0.2008438952122098,-0.18755237673244818,0.037255980528883924,87,-0.02409883021199617,0.16554183627804075
