series,days,final_nav,total_return,annualized_return,max_drawdown,ulcer_index,recovery_time_days,tail_risk_5pct_mean,vol_annualized
strategy,478,1.329609216752308,0.3296092167523079,0.1620555456372086,-0.11973802396252275,0.02930100581462817,135,-0.017634217677336306,0.1178828732294594
benchmark,478,1.4150510743424043,0.4150510743424043,0.2008438952122098,-0.18755237673244818,0.037255980528883924,87,-0.02409883021199617,0.16554183627804075
