series,days,final_nav,total_return,annualized_return,max_drawdown,ulcer_index,recovery_time_days,tail_risk_5pct_mean,vol_annualized
strategy,478,1.351146843834076,0.3511468438340759,0.17194153768900544,-0.11207964904985868,0.025970743790897498,85,-0.01697877866264616,0.11541979871534999
benchmark,478,1.4150510743424043,0.4150510743424043,0.2008438952122098,-0.18755237673244818,0.037255980528883924,87,-0.02409883021199617,0.16554183627804075
