series,days,final_nav,total_return,annualized_return,max_drawdown,ulcer_index,recovery_time_days,tail_risk_5pct_mean,vol_annualized
strategy,478,1.3377584388857011,0.3377584388857011,0.16580496353450713,-0.11351233391635529,0.02681128903603338,133,-0.017177468049971393,0.11618083663012369
benchmark,478,1.4150510743424043,0.4150510743424043,0.2008438952122098,-0.18755237673244818,0.037255980528883924,87,-0.02409883021199617,0.16554183627804075
