series,days,final_nav,total_return,annualized_return,max_drawdown,ulcer_index,recovery_time_days,tail_risk_5pct_mean,vol_annualized
strategy,478,1.3259677291004248,0.3259677291004248,0.16037660311968782,-0.1149454889318886,0.027978296210365707,135,-0.017266062335841936,0.1159355774809358
benchmark,478,1.4150510743424043,0.4150510743424043,0.2008438952122098,-0.18755237673244818,0.037255980528883924,87,-0.02409883021199617,0.16554183627804075
