series,days,final_nav,total_return,annualized_return,max_drawdown,ulcer_index,recovery_time_days,tail_risk_5pct_mean,vol_annualized
strategy,478,1.2895192458955873,0.2895192458955873,0.14345000691109733,-0.07356999388663787,0.02295503376996175,79,-0.013881225508785127,0.09291146507780562
benchmark,478,1.4150510743424043,0.4150510743424043,0.2008438952122098,-0.18755237673244818,0.037255980528883924,87,-0.02409883021199617,0.16554183627804075
