series,days,final_nav,total_return,annualized_return,max_drawdown,ulcer_index,recovery_time_days,tail_risk_5pct_mean,vol_annualized
strategy,478,1.3834719014896606,0.3834719014896606,0.18664029847249575,-0.1128467041915252,0.026059024069963087,102,-0.01852711320973006,0.12404588187691064
benchmark,478,1.4150510743424043,0.4150510743424043,0.2008438952122098,-0.18755237673244818,0.037255980528883924,87,-0.02409883021199617,0.16554183627804075
