series,days,final_nav,total_return,annualized_return,max_drawdown,ulcer_index,recovery_time_days,tail_risk_5pct_mean,vol_annualized
strategy,478,1.2964108899721485,0.2964108899721485,0.14666764529049825,-0.08459851864337686,0.025247149114938777,124,-0.014446869205666067,0.09667932488640722
benchmark,478,1.4150510743424043,0.4150510743424043,0.2008438952122098,-0.18755237673244818,0.037255980528883924,87,-0.02409883021199617,0.16554183627804075
