series,days,final_nav,total_return,annualized_return,max_drawdown,ulcer_index,recovery_time_days,tail_risk_5pct_mean,vol_annualized
strategy,478,1.3093320338957997,0.30933203389579966,0.15267867673626379,-0.08162373549277868,0.02221600721438234,74,-0.014329147774556497,0.09711091845358165
benchmark,478,1.4150510743424043,0.4150510743424043,0.2008438952122098,-0.18755237673244818,0.037255980528883924,87,-0.02409883021199617,0.16554183627804075
