series,days,final_nav,total_return,annualized_return,max_drawdown,ulcer_index,recovery_time_days,tail_risk_5pct_mean,vol_annualized
strategy,477,1.3118679521113754,0.3118679521113754,0.15420134024439336,-0.13603167350944279,0.032199365368296304,133,-0.019577551653125257,0.12927067592312796
benchmark,477,1.4150510743424043,0.4150510743424043,0.2013047465563953,-0.18755237673244818,0.03729501247309207,87,-0.02409883021199617,0.16571429623372175
