series,days,final_nav,total_return,annualized_return,max_drawdown,ulcer_index,recovery_time_days,tail_risk_5pct_mean,vol_annualized
strategy,477,1.3475095012990856,0.34750950129908564,0.17066305701591333,-0.15168288358791038,0.03374764713556371,87,-0.021145970157963434,0.14025085056311062
benchmark,477,1.4150510743424043,0.4150510743424043,0.2013047465563953,-0.18755237673244818,0.03729501247309207,87,-0.02409883021199617,0.16571429623372175
