series,days,final_nav,total_return,annualized_return,max_drawdown,ulcer_index,recovery_time_days,tail_risk_5pct_mean,vol_annualized
strategy,478,1.2589419391877474,0.25894193918774744,0.1290746872654449,-0.12423829319389035,0.027348011421861683,89,-0.016588833406229717,0.10651810894071594
benchmark,478,1.4150510743424043,0.4150510743424043,0.2008438952122098,-0.18755237673244818,0.037255980528883924,87,-0.02409883021199617,0.16554183627804075
