series,days,final_nav,total_return,annualized_return,max_drawdown,ulcer_index,recovery_time_days,tail_risk_5pct_mean,vol_annualized
strategy,478,1.3054830879589938,0.3054830879589938,0.15089105734297537,-0.07743340929597964,0.022543659465592232,74,-0.014111747883148567,0.09605812589267008
benchmark,478,1.4150510743424043,0.4150510743424043,0.2008438952122098,-0.18755237673244818,0.037255980528883924,87,-0.02409883021199617,0.16554183627804075
