series,days,final_nav,total_return,annualized_return,max_drawdown,ulcer_index,recovery_time_days,tail_risk_5pct_mean,vol_annualized
strategy,478,1.3127430184106248,0.3127430184106248,0.15426081215672394,-0.08708626939256192,0.02440321097578998,122,-0.014600745104182694,0.09977201528087952
benchmark,478,1.4150510743424043,0.4150510743424043,0.2008438952122098,-0.18755237673244818,0.037255980528883924,87,-0.02409883021199617,0.16554183627804075
