series,days,final_nav,total_return,annualized_return,max_drawdown,ulcer_index,recovery_time_days,tail_risk_5pct_mean,vol_annualized
strategy,478,1.3639294145764471,0.3639294145764471,0.17777365645047571,-0.1116563775149706,0.026442419721446207,57,-0.01839955990842622,0.12230479445025329
benchmark,478,1.4150510743424043,0.4150510743424043,0.2008438952122098,-0.18755237673244818,0.037255980528883924,87,-0.02409883021199617,0.16554183627804075
