series,days,final_nav,total_return,annualized_return,max_drawdown,ulcer_index,recovery_time_days,tail_risk_5pct_mean,vol_annualized
strategy,478,1.3224580422011722,0.32245804220117225,0.15875636425022432,-0.1114981335043207,0.02765323946917938,88,-0.017024500642215373,0.11326398362296054
benchmark,478,1.4150510743424043,0.4150510743424043,0.2008438952122098,-0.18755237673244818,0.037255980528883924,87,-0.02409883021199617,0.16554183627804075
