series,days,final_nav,total_return,annualized_return,max_drawdown,ulcer_index,recovery_time_days,tail_risk_5pct_mean,vol_annualized
strategy,478,1.3354070539967637,0.33540705399676374,0.16472421377854696,-0.10920149541659352,0.026522203736326584,58,-0.01839955990842622,0.12087447781121405
benchmark,478,1.4150510743424043,0.4150510743424043,0.2008438952122098,-0.18755237673244818,0.037255980528883924,87,-0.02409883021199617,0.16554183627804075
