series,days,final_nav,total_return,annualized_return,max_drawdown,ulcer_index,recovery_time_days,tail_risk_5pct_mean,vol_annualized
strategy,478,1.2850940936262674,0.28509409362626736,0.14137966064941931,-0.07644544413650045,0.023947944632338403,126,-0.013980570202447742,0.09324800416400325
benchmark,478,1.4150510743424043,0.4150510743424043,0.2008438952122098,-0.18755237673244818,0.037255980528883924,87,-0.02409883021199617,0.16554183627804075
