series,days,final_nav,total_return,annualized_return,max_drawdown,ulcer_index,recovery_time_days,tail_risk_5pct_mean,vol_annualized
strategy,478,1.348084781098095,0.34808478109809493,0.17054058652998583,-0.13742209401815564,0.03338987613775001,87,-0.019709001800814047,0.12877774157197977
benchmark,478,1.4150510743424043,0.4150510743424043,0.2008438952122098,-0.18755237673244818,0.037255980528883924,87,-0.02409883021199617,0.16554183627804075
