series,days,final_nav,total_return,annualized_return,max_drawdown,ulcer_index,recovery_time_days,tail_risk_5pct_mean,vol_annualized
strategy,478,1.3136048439031824,0.31360484390318244,0.15466024965107494,-0.11853973487868119,0.030652449795509122,137,-0.017395449299778393,0.11468879623902305
benchmark,478,1.4150510743424043,0.4150510743424043,0.2008438952122098,-0.18755237673244818,0.037255980528883924,87,-0.02409883021199617,0.16554183627804075
