series,days,final_nav,total_return,annualized_return,max_drawdown,ulcer_index,recovery_time_days,tail_risk_5pct_mean,vol_annualized
strategy,478,1.2328279469587993,0.23282794695879927,0.11666647647909345,-0.13548825102455098,0.03746125181014445,107,-0.017749927441067233,0.11020188810297954
benchmark,478,1.4150510743424043,0.4150510743424043,0.2008438952122098,-0.18755237673244818,0.037255980528883924,87,-0.02409883021199617,0.16554183627804075
