series,days,final_nav,total_return,annualized_return,max_drawdown,ulcer_index,recovery_time_days,tail_risk_5pct_mean,vol_annualized
strategy,478,1.3275303108043968,0.32753031080439676,0.16109731296116414,-0.11847924043894065,0.02900618080356656,135,-0.017452666210442336,0.11713239555560975
benchmark,478,1.4150510743424043,0.4150510743424043,0.2008438952122098,-0.18755237673244818,0.037255980528883924,87,-0.02409883021199617,0.16554183627804075
