series,days,final_nav,total_return,annualized_return,max_drawdown,ulcer_index,recovery_time_days,tail_risk_5pct_mean,vol_annualized
strategy,478,1.3552414064586433,0.3552414064586433,0.17381253335151414,-0.11086815961101726,0.026925401293648708,59,-0.01839955990842622,0.12132803372687426
benchmark,478,1.4150510743424043,0.4150510743424043,0.2008438952122098,-0.18755237673244818,0.037255980528883924,87,-0.02409883021199617,0.16554183627804075
