series,days,final_nav,total_return,annualized_return,max_drawdown,ulcer_index,recovery_time_days,tail_risk_5pct_mean,vol_annualized
strategy,478,1.3563689570627488,0.35636895706274885,0.17432729404102343,-0.12044791044477665,0.02959033475577159,119,-0.01852711320973006,0.12214617278956255
benchmark,478,1.4150510743424043,0.4150510743424043,0.2008438952122098,-0.18755237673244818,0.037255980528883924,87,-0.02409883021199617,0.16554183627804075
