series,days,final_nav,total_return,annualized_return,max_drawdown,ulcer_index,recovery_time_days,tail_risk_5pct_mean,vol_annualized
strategy,478,1.2743977070161991,0.27439770701619914,0.1363612967541299,-0.0817865664222116,0.026056634164545994,135,-0.014500858804837221,0.09564852033064941
benchmark,478,1.4150510743424043,0.4150510743424043,0.2008438952122098,-0.18755237673244818,0.037255980528883924,87,-0.02409883021199617,0.16554183627804075
