series,days,final_nav,total_return,annualized_return,max_drawdown,ulcer_index,recovery_time_days,tail_risk_5pct_mean,vol_annualized
strategy,478,1.2528017549555874,0.25280175495558743,0.12616817160966454,-0.1523624029932008,0.04053698190250309,150,-0.019263035640036022,0.12165562129337204
benchmark,478,1.4150510743424043,0.4150510743424043,0.2008438952122098,-0.18755237673244818,0.037255980528883924,87,-0.02409883021199617,0.16554183627804075
