{
  "base_event_rate": 0.058339859044635865,
  "vol20_q75_threshold": 0.011299916620607149,
  "counts": {
    "all_rules": 624,
    "rules_with_signal_days_ge_10": 486,
    "rules_with_signal_days_ge_20": 406
  },
  "best_precision_min10": {
    "rule": "dual",
    "struct_thr": 0.55,
    "shock_thr": 0.5,
    "signal_days": 13,
    "coverage": 0.005090054815974941,
    "precision": 0.46153846153846156,
    "recall": 0.040268456375838924,
    "f1": 0.07407407407407406,
    "lift_vs_base": 7.911202891068664,
    "TP": 6,
    "FP": 7,
    "FN": 143,
    "TN": 2398
  },
  "best_precision_min20": {
    "rule": "dual",
    "struct_thr": 0.45,
    "shock_thr": 0.4,
    "signal_days": 20,
    "coverage": 0.007830853563038372,
    "precision": 0.35,
    "recall": 0.04697986577181208,
    "f1": 0.08284023668639054,
    "lift_vs_base": 5.999328859060403,
    "TP": 7,
    "FP": 13,
    "FN": 142,
    "TN": 2392
  },
  "best_f1_min20": {
    "rule": "or_plus_vol",
    "struct_thr": 0.2,
    "shock_thr": 0.6,
    "signal_days": 489,
    "coverage": 0.19146436961628818,
    "precision": 0.1574642126789366,
    "recall": 0.5167785234899329,
    "f1": 0.2413793103448276,
    "lift_vs_base": 2.6990845582684835,
    "TP": 77,
    "FP": 412,
    "FN": 72,
    "TN": 1993
  }
}