{
  "base_event_rate": 0.058339859044635865,
  "threshold_grid": [
    0.1,
    0.15,
    0.2,
    0.25,
    0.3,
    0.35,
    0.4,
    0.45,
    0.5,
    0.55,
    0.6,
    0.65,
    0.7,
    0.75,
    0.8,
    0.85,
    0.9
  ],
  "precision_ge_30_candidates_count": 0,
  "best_f1": {
    "threshold": 0.2,
    "signal_days": 600,
    "coverage": 0.23492560689115113,
    "precision": 0.15666666666666668,
    "recall": 0.6308724832214765,
    "f1": 0.25100133511348466,
    "lift_vs_base": 2.685413870246085,
    "TP": 94,
    "FP": 506,
    "FN": 55,
    "TN": 1899
  },
  "top_precision_rows": [
    {
      "threshold": 0.2,
      "signal_days": 600,
      "coverage": 0.23492560689115113,
      "precision": 0.15666666666666668,
      "recall": 0.6308724832214765,
      "f1": 0.25100133511348466,
      "lift_vs_base": 2.685413870246085,
      "TP": 94,
      "FP": 506,
      "FN": 55,
      "TN": 1899
    },
    {
      "threshold": 0.3,
      "signal_days": 510,
      "coverage": 0.19968676585747847,
      "precision": 0.15294117647058825,
      "recall": 0.5234899328859061,
      "f1": 0.23672230652503795,
      "lift_vs_base": 2.621555467824714,
      "TP": 78,
      "FP": 432,
      "FN": 71,
      "TN": 1973
    },
    {
      "threshold": 0.25,
      "signal_days": 552,
      "coverage": 0.21613155833985903,
      "precision": 0.15217391304347827,
      "recall": 0.5637583892617449,
      "f1": 0.23965763195435094,
      "lift_vs_base": 2.6084038517653925,
      "TP": 84,
      "FP": 468,
      "FN": 65,
      "TN": 1937
    }
  ],
  "note": "early_struct approximated by p_structural > threshold"
}