series,days,final_nav,total_return,annualized_return,max_drawdown,ulcer_index,recovery_time_days,tail_risk_5pct_mean,vol_annualized
strategy,2554,2.888081394502868,1.8880813945028678,0.11031896731371016,-0.1567631517182737,0.048920453476775046,491,-0.017504356892902355,0.112127367571238
benchmark,2554,4.027707187799518,3.0277071877995176,0.14736159436398655,-0.3371726416016424,0.07118033405533704,488,-0.02751076970360208,0.1790699202482548
