series,days,final_nav,total_return,annualized_return,max_drawdown,ulcer_index,recovery_time_days,tail_risk_5pct_mean,vol_annualized
strategy,478,1.326028973111084,0.3260289731110839,0.1604048582643116,-0.1114981335043208,0.027648546299831923,88,-0.017097415218790546,0.1137774302421144
benchmark,478,1.4150510743424043,0.4150510743424043,0.2008438952122098,-0.18755237673244818,0.037255980528883924,87,-0.02409883021199617,0.16554183627804075
