series,days,final_nav,total_return,annualized_return,max_drawdown,ulcer_index,recovery_time_days,tail_risk_5pct_mean,vol_annualized
strategy,478,1.334742142014515,0.3347421420145149,0.16441844202022815,-0.11435511435772527,0.027117962944620957,135,-0.017372313522649462,0.11683650564943517
benchmark,478,1.4150510743424043,0.4150510743424043,0.2008438952122098,-0.18755237673244818,0.037255980528883924,87,-0.02409883021199617,0.16554183627804075
