series,days,final_nav,total_return,annualized_return,max_drawdown,ulcer_index,recovery_time_days,tail_risk_5pct_mean,vol_annualized
strategy,2547,2.6950410365080546,1.6950410365080546,0.10306246966881472,-0.1362998330926043,0.038198858322844156,360,-0.01612830366370494,0.10533269276837412
benchmark,2547,4.027707187799518,3.0277071877995176,0.14779514887523582,-0.3371726416016424,0.07127324890855206,488,-0.02751076970360208,0.1793151038735505
