series,days,final_nav,total_return,annualized_return,max_drawdown,ulcer_index,recovery_time_days,tail_risk_5pct_mean,vol_annualized
strategy,478,1.350688128845598,0.3506881288455981,0.17173176263979495,-0.13629657290840635,0.03306405467984057,87,-0.01973376325683779,0.12914732361686063
benchmark,478,1.4150510743424043,0.4150510743424043,0.2008438952122098,-0.18755237673244818,0.037255980528883924,87,-0.02409883021199617,0.16554183627804075
