series,days,final_nav,total_return,annualized_return,max_drawdown,ulcer_index,recovery_time_days,tail_risk_5pct_mean,vol_annualized
strategy,478,1.2709146484858782,0.2709146484858782,0.13472287480550071,-0.07356999388663865,0.02296795141762637,85,-0.013824701861928199,0.09007275820131405
benchmark,478,1.4150510743424043,0.4150510743424043,0.2008438952122098,-0.18755237673244818,0.037255980528883924,87,-0.02409883021199617,0.16554183627804075
