series,days,final_nav,total_return,annualized_return,max_drawdown,ulcer_index,recovery_time_days,tail_risk_5pct_mean,vol_annualized
strategy,478,1.2936788455239387,0.29367884552393875,0.14539305142330305,-0.07743340929597997,0.022433476697558342,79,-0.013863438138807435,0.09315513014554712
benchmark,478,1.4150510743424043,0.4150510743424043,0.2008438952122098,-0.18755237673244818,0.037255980528883924,87,-0.02409883021199617,0.16554183627804075
