series,days,final_nav,total_return,annualized_return,max_drawdown,ulcer_index,recovery_time_days,tail_risk_5pct_mean,vol_annualized
strategy,478,1.3545228795637465,0.3545228795637465,0.17348439862310405,-0.13317183438456714,0.03247510686171305,87,-0.019761337554295766,0.12958238922605023
benchmark,478,1.4150510743424043,0.4150510743424043,0.2008438952122098,-0.18755237673244818,0.037255980528883924,87,-0.02409883021199617,0.16554183627804075
