series,days,final_nav,total_return,annualized_return,max_drawdown,ulcer_index,recovery_time_days,tail_risk_5pct_mean,vol_annualized
strategy,478,1.3367491254669117,0.3367491254669117,0.1653411703365244,-0.1451494260891224,0.034876805072537286,89,-0.02033485430189912,0.13088503501928453
benchmark,478,1.4150510743424043,0.4150510743424043,0.2008438952122098,-0.18755237673244818,0.037255980528883924,87,-0.02409883021199617,0.16554183627804075
