series,days,final_nav,total_return,annualized_return,max_drawdown,ulcer_index,recovery_time_days,tail_risk_5pct_mean,vol_annualized
strategy,478,1.1974786775334727,0.1974786775334727,0.09967035230442045,-0.12423829319388957,0.03056713792059893,105,-0.01659466673956305,0.10294986070137134
benchmark,478,1.4150510743424043,0.4150510743424043,0.2008438952122098,-0.18755237673244818,0.037255980528883924,87,-0.02409883021199617,0.16554183627804075
