series,days,final_nav,total_return,annualized_return,max_drawdown,ulcer_index,recovery_time_days,tail_risk_5pct_mean,vol_annualized
strategy,478,1.2677192176694725,0.2677192176694725,0.13321788393422218,-0.08041462374982045,0.025563112308774217,135,-0.014281872766421838,0.09229005662492777
benchmark,478,1.4150510743424043,0.4150510743424043,0.2008438952122098,-0.18755237673244818,0.037255980528883924,87,-0.02409883021199617,0.16554183627804075
