series,days,final_nav,total_return,annualized_return,max_drawdown,ulcer_index,recovery_time_days,tail_risk_5pct_mean,vol_annualized
strategy,478,1.3214431700190814,0.3214431700190814,0.1582874720220122,-0.08162373549277835,0.022228149704621045,71,-0.014327431191528137,0.09926880392164869
benchmark,478,1.4150510743424043,0.4150510743424043,0.2008438952122098,-0.18755237673244818,0.037255980528883924,87,-0.02409883021199617,0.16554183627804075
