series,days,final_nav,total_return,annualized_return,max_drawdown,ulcer_index,recovery_time_days,tail_risk_5pct_mean,vol_annualized
strategy,478,1.2293438746262015,0.22934387462620154,0.11500164120674916,-0.1300749701531435,0.03679431563091035,107,-0.01773505050652584,0.11066033223555223
benchmark,478,1.4150510743424043,0.4150510743424043,0.2008438952122098,-0.18755237673244818,0.037255980528883924,87,-0.02409883021199617,0.16554183627804075
