series,days,final_nav,total_return,annualized_return,max_drawdown,ulcer_index,recovery_time_days,tail_risk_5pct_mean,vol_annualized
strategy,478,1.2691263000481279,0.2691263000481279,0.13388081535994334,-0.07272884138343605,0.022817826366707664,85,-0.013642317868664253,0.08924293505824248
benchmark,478,1.4150510743424043,0.4150510743424043,0.2008438952122098,-0.18755237673244818,0.037255980528883924,87,-0.02409883021199617,0.16554183627804075
