series,days,final_nav,total_return,annualized_return,max_drawdown,ulcer_index,recovery_time_days,tail_risk_5pct_mean,vol_annualized
strategy,478,1.30999870190563,0.30999870190563006,0.1529880540475741,-0.15329373846369243,0.038001274446551735,101,-0.019765012554295764,0.12560611926141174
benchmark,478,1.4150510743424043,0.4150510743424043,0.2008438952122098,-0.18755237673244818,0.037255980528883924,87,-0.02409883021199617,0.16554183627804075
