series,days,final_nav,total_return,annualized_return,max_drawdown,ulcer_index,recovery_time_days,tail_risk_5pct_mean,vol_annualized
strategy,478,1.3279353363817565,0.32793533638175654,0.16128405751624864,-0.11761070782705452,0.028905768744147863,135,-0.017395449299778393,0.11623059962938256
benchmark,478,1.4150510743424043,0.4150510743424043,0.2008438952122098,-0.18755237673244818,0.037255980528883924,87,-0.02409883021199617,0.16554183627804075
