series,days,final_nav,total_return,annualized_return,max_drawdown,ulcer_index,recovery_time_days,tail_risk_5pct_mean,vol_annualized
strategy,478,1.3123429913593505,0.3123429913593505,0.15407536613190898,-0.1164976838859405,0.02974340776290266,139,-0.01727654507414002,0.11458906684813046
benchmark,478,1.4150510743424043,0.4150510743424043,0.2008438952122098,-0.18755237673244818,0.037255980528883924,87,-0.02409883021199617,0.16554183627804075
