series,days,final_nav,total_return,annualized_return,max_drawdown,ulcer_index,recovery_time_days,tail_risk_5pct_mean,vol_annualized
strategy,478,1.2134768898340826,0.21347688983408264,0.1073913597743692,-0.13270657486082205,0.03858552188521961,140,-0.017930988992108248,0.11044838101605566
benchmark,478,1.4150510743424043,0.4150510743424043,0.2008438952122098,-0.18755237673244818,0.037255980528883924,87,-0.02409883021199617,0.16554183627804075
