series,days,final_nav,total_return,annualized_return,max_drawdown,ulcer_index,recovery_time_days,tail_risk_5pct_mean,vol_annualized
strategy,478,1.353292307442936,0.35329230744293594,0.1729222333745326,-0.13517208937127467,0.03274570497948251,87,-0.01975852471286153,0.12952922321196692
benchmark,478,1.4150510743424043,0.4150510743424043,0.2008438952122098,-0.18755237673244818,0.037255980528883924,87,-0.02409883021199617,0.16554183627804075
