series,days,final_nav,total_return,annualized_return,max_drawdown,ulcer_index,recovery_time_days,tail_risk_5pct_mean,vol_annualized
strategy,478,1.2693077213210446,0.26930772132104464,0.13396626470565143,-0.08535311926990219,0.02760733094103984,135,-0.014649875845331143,0.09637092549893182
benchmark,478,1.4150510743424043,0.4150510743424043,0.2008438952122098,-0.18755237673244818,0.037255980528883924,87,-0.02409883021199617,0.16554183627804075
