series,days,final_nav,total_return,annualized_return,max_drawdown,ulcer_index,recovery_time_days,tail_risk_5pct_mean,vol_annualized
strategy,478,1.2781981843396584,0.27819818433965837,0.13814661814285256,-0.07717177686713972,0.02424337612601768,133,-0.013951329894828432,0.09155997700844414
benchmark,478,1.4150510743424043,0.4150510743424043,0.2008438952122098,-0.18755237673244818,0.037255980528883924,87,-0.02409883021199617,0.16554183627804075
