series,days,final_nav,total_return,annualized_return,max_drawdown,ulcer_index,recovery_time_days,tail_risk_5pct_mean,vol_annualized
strategy,477,1.2972101068910857,0.29721010689108573,0.147370203268397,-0.1646424024619746,0.04067100336795756,105,-0.02114830349129677,0.13301090126937565
benchmark,477,1.4150510743424043,0.4150510743424043,0.2013047465563953,-0.18755237673244818,0.03729501247309207,87,-0.02409883021199617,0.16571429623372175
