series,days,final_nav,total_return,annualized_return,max_drawdown,ulcer_index,recovery_time_days,tail_risk_5pct_mean,vol_annualized
strategy,478,1.2856727706806033,0.28567277068060326,0.14165059114058676,-0.08078833713348466,0.0237822733597792,133,-0.014322117880904836,0.09452531556747275
benchmark,478,1.4150510743424043,0.4150510743424043,0.2008438952122098,-0.18755237673244818,0.037255980528883924,87,-0.02409883021199617,0.16554183627804075
