series,days,final_nav,total_return,annualized_return,max_drawdown,ulcer_index,recovery_time_days,tail_risk_5pct_mean,vol_annualized
strategy,478,1.2893819891655263,0.28938198916552627,0.14338584067365923,-0.0774334092959802,0.022348090274572133,85,-0.013784746455411964,0.09220068713197688
benchmark,478,1.4150510743424043,0.4150510743424043,0.2008438952122098,-0.18755237673244818,0.037255980528883924,87,-0.02409883021199617,0.16554183627804075
