series,days,final_nav,total_return,annualized_return,max_drawdown,ulcer_index,recovery_time_days,tail_risk_5pct_mean,vol_annualized
strategy,478,1.3162018984553991,0.31620189845539914,0.15586317966404173,-0.08228519956360825,0.0226040648998062,119,-0.014426775885190752,0.09958494921517753
benchmark,478,1.4150510743424043,0.4150510743424043,0.2008438952122098,-0.18755237673244818,0.037255980528883924,87,-0.02409883021199617,0.16554183627804075
