series,days,final_nav,total_return,annualized_return,max_drawdown,ulcer_index,recovery_time_days,tail_risk_5pct_mean,vol_annualized
strategy,478,1.3153847823680151,0.31538478236801515,0.155484820659598,-0.08162373549277879,0.02197222318172177,71,-0.01395002649980357,0.09628503443712454
benchmark,478,1.4150510743424043,0.4150510743424043,0.2008438952122098,-0.18755237673244818,0.037255980528883924,87,-0.02409883021199617,0.16554183627804075
