series,days,final_nav,total_return,annualized_return,max_drawdown,ulcer_index,recovery_time_days,tail_risk_5pct_mean,vol_annualized
strategy,478,1.159828375931411,0.15982837593141097,0.08130486961314909,-0.11179623019271345,0.03344405091844952,156,-0.01591328067515986,0.09444678965677104
benchmark,478,1.4150510743424043,0.4150510743424043,0.2008438952122098,-0.18755237673244818,0.037255980528883924,87,-0.02409883021199617,0.16554183627804075
