series,days,final_nav,total_return,annualized_return,max_drawdown,ulcer_index,recovery_time_days,tail_risk_5pct_mean,vol_annualized
strategy,478,1.3396530397964834,0.3396530397964834,0.16667511180206374,-0.14424492589310633,0.034716762741645146,88,-0.020251499448486646,0.13081465366710684
benchmark,478,1.4150510743424043,0.4150510743424043,0.2008438952122098,-0.18755237673244818,0.037255980528883924,87,-0.02409883021199617,0.16554183627804075
