series,days,final_nav,total_return,annualized_return,max_drawdown,ulcer_index,recovery_time_days,tail_risk_5pct_mean,vol_annualized
strategy,478,1.3050185061711086,0.3050185061711086,0.15067511672900302,-0.08341795635981963,0.022984117210707297,122,-0.014453328641634766,0.09765994179528686
benchmark,478,1.4150510743424043,0.4150510743424043,0.2008438952122098,-0.18755237673244818,0.037255980528883924,87,-0.02409883021199617,0.16554183627804075
