series,days,final_nav,total_return,annualized_return,max_drawdown,ulcer_index,recovery_time_days,tail_risk_5pct_mean,vol_annualized
strategy,478,1.3182203496567966,0.3182203496567966,0.1567973314731883,-0.08352304005458788,0.023048224737136205,119,-0.014451728063688772,0.09905049497759814
benchmark,478,1.4150510743424043,0.4150510743424043,0.2008438952122098,-0.18755237673244818,0.037255980528883924,87,-0.02409883021199617,0.16554183627804075
