series,days,final_nav,total_return,annualized_return,max_drawdown,ulcer_index,recovery_time_days,tail_risk_5pct_mean,vol_annualized
strategy,478,1.3847226479913193,0.3847226479913193,0.1872057532840281,-0.11228562938725728,0.02591124296072426,102,-0.01852711320973006,0.12403771851917848
benchmark,478,1.4150510743424043,0.4150510743424043,0.2008438952122098,-0.18755237673244818,0.037255980528883924,87,-0.02409883021199617,0.16554183627804075
