series,days,final_nav,total_return,annualized_return,max_drawdown,ulcer_index,recovery_time_days,tail_risk_5pct_mean,vol_annualized
strategy,478,1.3064865706139854,0.30648657061398543,0.15135735859858146,-0.07761220235681654,0.022715672063042616,122,-0.014148835124678223,0.09549241161399803
benchmark,478,1.4150510743424043,0.4150510743424043,0.2008438952122098,-0.18755237673244818,0.037255980528883924,87,-0.02409883021199617,0.16554183627804075
