series,days,final_nav,total_return,annualized_return,max_drawdown,ulcer_index,recovery_time_days,tail_risk_5pct_mean,vol_annualized
strategy,478,1.3467832766610648,0.3467832766610648,0.16994466822741217,-0.13879354770372743,0.03360496403810367,87,-0.01985288003140678,0.12934040889129544
benchmark,478,1.4150510743424043,0.4150510743424043,0.2008438952122098,-0.18755237673244818,0.037255980528883924,87,-0.02409883021199617,0.16554183627804075
