series,days,final_nav,total_return,annualized_return,max_drawdown,ulcer_index,recovery_time_days,tail_risk_5pct_mean,vol_annualized
strategy,478,1.3480558805804652,0.3480558805804652,0.17052735683786624,-0.125059044604092,0.030574482242208812,121,-0.01852711320973006,0.1213711916629313
benchmark,478,1.4150510743424043,0.4150510743424043,0.2008438952122098,-0.18755237673244818,0.037255980528883924,87,-0.02409883021199617,0.16554183627804075
