series,days,final_nav,total_return,annualized_return,max_drawdown,ulcer_index,recovery_time_days,tail_risk_5pct_mean,vol_annualized
strategy,478,1.3457499112339026,0.34574991123390264,0.1694713284772682,-0.1101761959880837,0.02607294166702161,57,-0.01839955990842622,0.12187489163891918
benchmark,478,1.4150510743424043,0.4150510743424043,0.2008438952122098,-0.18755237673244818,0.037255980528883924,87,-0.02409883021199617,0.16554183627804075
