series,days,final_nav,total_return,annualized_return,max_drawdown,ulcer_index,recovery_time_days,tail_risk_5pct_mean,vol_annualized
strategy,478,1.3111954038305016,0.3111954038305016,0.1535432148814624,-0.08162373549277802,0.021998438330289024,74,-0.0141077161574874,0.09621101612033363
benchmark,478,1.4150510743424043,0.4150510743424043,0.2008438952122098,-0.18755237673244818,0.037255980528883924,87,-0.02409883021199617,0.16554183627804075
