series,days,final_nav,total_return,annualized_return,max_drawdown,ulcer_index,recovery_time_days,tail_risk_5pct_mean,vol_annualized
strategy,478,1.3277158551583343,0.32771585515833435,0.1611828649702578,-0.11438279305557575,0.027566778237909654,135,-0.017383625160399055,0.11630523521407365
benchmark,478,1.4150510743424043,0.4150510743424043,0.2008438952122098,-0.18755237673244818,0.037255980528883924,87,-0.02409883021199617,0.16554183627804075
