series,days,final_nav,total_return,annualized_return,max_drawdown,ulcer_index,recovery_time_days,tail_risk_5pct_mean,vol_annualized
strategy,478,1.297330851550747,0.2973308515507469,0.1470965535265618,-0.08285063728441744,0.02449528622624664,124,-0.014322117880904836,0.09576576131810613
benchmark,478,1.4150510743424043,0.4150510743424043,0.2008438952122098,-0.18755237673244818,0.037255980528883924,87,-0.02409883021199617,0.16554183627804075
