series,days,final_nav,total_return,annualized_return,max_drawdown,ulcer_index,recovery_time_days,tail_risk_5pct_mean,vol_annualized
strategy,478,1.3118981954912092,0.31189819549120923,0.15386913462970853,-0.08162373549277835,0.02234015848996841,74,-0.01442865913488578,0.09768767744159845
benchmark,478,1.4150510743424043,0.4150510743424043,0.2008438952122098,-0.18755237673244818,0.037255980528883924,87,-0.02409883021199617,0.16554183627804075
