series,days,final_nav,total_return,annualized_return,max_drawdown,ulcer_index,recovery_time_days,tail_risk_5pct_mean,vol_annualized
strategy,478,1.319389181851879,0.31938918185187903,0.1573379651229172,-0.0816237354927778,0.022220528242329663,71,-0.014206727517816682,0.0975332322044746
benchmark,478,1.4150510743424043,0.4150510743424043,0.2008438952122098,-0.18755237673244818,0.037255980528883924,87,-0.02409883021199617,0.16554183627804075
