series,days,final_nav,total_return,annualized_return,max_drawdown,ulcer_index,recovery_time_days,tail_risk_5pct_mean,vol_annualized
strategy,478,1.312446599804424,0.3124465998044239,0.1541233998837117,-0.08079122531401528,0.022001461790666258,71,-0.014099043540297493,0.09678211314868242
benchmark,478,1.4150510743424043,0.4150510743424043,0.2008438952122098,-0.18755237673244818,0.037255980528883924,87,-0.02409883021199617,0.16554183627804075
