series,days,final_nav,total_return,annualized_return,max_drawdown,ulcer_index,recovery_time_days,tail_risk_5pct_mean,vol_annualized
strategy,478,1.3410806303951415,0.34108063039514147,0.16733038825046176,-0.11379676675130079,0.026934807373687353,133,-0.01730164891704966,0.11643267773848066
benchmark,478,1.4150510743424043,0.4150510743424043,0.2008438952122098,-0.18755237673244818,0.037255980528883924,87,-0.02409883021199617,0.16554183627804075
