series,days,final_nav,total_return,annualized_return,max_drawdown,ulcer_index,recovery_time_days,tail_risk_5pct_mean,vol_annualized
strategy,478,1.2912081131090447,0.2912081131090447,0.14423927238404777,-0.08349585715497276,0.024876231424963237,124,-0.014669328667433056,0.09852702755848389
benchmark,478,1.4150510743424043,0.4150510743424043,0.2008438952122098,-0.18755237673244818,0.037255980528883924,87,-0.02409883021199617,0.16554183627804075
