series,days,final_nav,total_return,annualized_return,max_drawdown,ulcer_index,recovery_time_days,tail_risk_5pct_mean,vol_annualized
strategy,478,1.2790845839948815,0.27908458399488145,0.1385626542837457,-0.0800927358909671,0.02527063769498907,133,-0.014295892890994616,0.09461861331296241
benchmark,478,1.4150510743424043,0.4150510743424043,0.2008438952122098,-0.18755237673244818,0.037255980528883924,87,-0.02409883021199617,0.16554183627804075
