series,days,final_nav,total_return,annualized_return,max_drawdown,ulcer_index,recovery_time_days,tail_risk_5pct_mean,vol_annualized
strategy,478,1.3086264791260311,0.30862647912603114,0.15235117230719575,-0.1514243487636171,0.03811150578406808,103,-0.019675002549399995,0.12518747843058803
benchmark,478,1.4150510743424043,0.4150510743424043,0.2008438952122098,-0.18755237673244818,0.037255980528883924,87,-0.02409883021199617,0.16554183627804075
