series,days,final_nav,total_return,annualized_return,max_drawdown,ulcer_index,recovery_time_days,tail_risk_5pct_mean,vol_annualized
strategy,478,1.305227546016022,0.3052275460160221,0.15077228429531986,-0.14033930580484022,0.03517988529957338,139,-0.01915065390258479,0.12231093065807234
benchmark,478,1.4150510743424043,0.4150510743424043,0.2008438952122098,-0.18755237673244818,0.037255980528883924,87,-0.02409883021199617,0.16554183627804075
