series,days,final_nav,total_return,annualized_return,max_drawdown,ulcer_index,recovery_time_days,tail_risk_5pct_mean,vol_annualized
strategy,478,1.3227938007749918,0.32279380077499176,0.1589114542953025,-0.08162373549277813,0.02233715694896706,71,-0.01430271102319485,0.09860469745357608
benchmark,478,1.4150510743424043,0.4150510743424043,0.2008438952122098,-0.18755237673244818,0.037255980528883924,87,-0.02409883021199617,0.16554183627804075
