series,days,final_nav,total_return,annualized_return,max_drawdown,ulcer_index,recovery_time_days,tail_risk_5pct_mean,vol_annualized
strategy,478,1.3372202790435477,0.3372202790435477,0.16555769238933538,-0.1146991534073114,0.027274008102908538,133,-0.01748520063684238,0.11733747345152369
benchmark,478,1.4150510743424043,0.4150510743424043,0.2008438952122098,-0.18755237673244818,0.037255980528883924,87,-0.02409883021199617,0.16554183627804075
