series,days,final_nav,total_return,annualized_return,max_drawdown,ulcer_index,recovery_time_days,tail_risk_5pct_mean,vol_annualized
strategy,478,1.3500334154672342,0.3500334154672342,0.17143229716908226,-0.13617525184826829,0.03312094082429461,87,-0.019695307004899118,0.12869336672137008
benchmark,478,1.4150510743424043,0.4150510743424043,0.2008438952122098,-0.18755237673244818,0.037255980528883924,87,-0.02409883021199617,0.16554183627804075
