series,days,final_nav,total_return,annualized_return,max_drawdown,ulcer_index,recovery_time_days,tail_risk_5pct_mean,vol_annualized
strategy,478,1.3513437606389527,0.3513437606389527,0.17203157942485392,-0.11383459402474616,0.02684345191926431,60,-0.017701140810556893,0.11782288657620948
benchmark,478,1.4150510743424043,0.4150510743424043,0.2008438952122098,-0.18755237673244818,0.037255980528883924,87,-0.02409883021199617,0.16554183627804075
