series,days,final_nav,total_return,annualized_return,max_drawdown,ulcer_index,recovery_time_days,tail_risk_5pct_mean,vol_annualized
strategy,478,1.2946660500278035,0.29466605002780355,0.14585376341481116,-0.07743340929597953,0.022345482623159444,79,-0.013788929618560472,0.09295496490831635
benchmark,478,1.4150510743424043,0.4150510743424043,0.2008438952122098,-0.18755237673244818,0.037255980528883924,87,-0.02409883021199617,0.16554183627804075
