series,days,final_nav,total_return,annualized_return,max_drawdown,ulcer_index,recovery_time_days,tail_risk_5pct_mean,vol_annualized
strategy,478,1.2867045148585028,0.2867045148585028,0.14213349988000368,-0.07356999388663765,0.022955018904809353,79,-0.013679613725598255,0.09175603859594565
benchmark,478,1.4150510743424043,0.4150510743424043,0.2008438952122098,-0.18755237673244818,0.037255980528883924,87,-0.02409883021199617,0.16554183627804075
