series,days,final_nav,total_return,annualized_return,max_drawdown,ulcer_index,recovery_time_days,tail_risk_5pct_mean,vol_annualized
strategy,478,1.3453649674753905,0.34536496747539047,0.16929495855796417,-0.11017619598808404,0.026087123967589675,57,-0.01839955990842622,0.12187731412137995
benchmark,478,1.4150510743424043,0.4150510743424043,0.2008438952122098,-0.18755237673244818,0.037255980528883924,87,-0.02409883021199617,0.16554183627804075
