series,days,final_nav,total_return,annualized_return,max_drawdown,ulcer_index,recovery_time_days,tail_risk_5pct_mean,vol_annualized
strategy,478,1.3503675372099055,0.35036753720990554,0.17158513281280685,-0.12480867462492018,0.030463994630755695,121,-0.01852711320973006,0.12134851959977556
benchmark,478,1.4150510743424043,0.4150510743424043,0.2008438952122098,-0.18755237673244818,0.037255980528883924,87,-0.02409883021199617,0.16554183627804075
