series,days,final_nav,total_return,annualized_return,max_drawdown,ulcer_index,recovery_time_days,tail_risk_5pct_mean,vol_annualized
strategy,478,1.3007123844260629,0.30071238442606285,0.14867187117860392,-0.07897562854072593,0.02316126573116451,122,-0.014211092576811182,0.09638694860086552
benchmark,478,1.4150510743424043,0.4150510743424043,0.2008438952122098,-0.18755237673244818,0.037255980528883924,87,-0.02409883021199617,0.16554183627804075
