series,days,final_nav,total_return,annualized_return,max_drawdown,ulcer_index,recovery_time_days,tail_risk_5pct_mean,vol_annualized
strategy,478,1.3202988416183425,0.32029884161834254,0.15775856403508248,-0.08251077693838038,0.022616412784879875,119,-0.014329147774556497,0.09835616358933623
benchmark,478,1.4150510743424043,0.4150510743424043,0.2008438952122098,-0.18755237673244818,0.037255980528883924,87,-0.02409883021199617,0.16554183627804075
