series,days,final_nav,total_return,annualized_return,max_drawdown,ulcer_index,recovery_time_days,tail_risk_5pct_mean,vol_annualized
strategy,478,1.2974461272304803,0.29744612723048025,0.14715028768387084,-0.07970130252567909,0.023383285567525825,124,-0.014144975330236198,0.0947141523447261
benchmark,478,1.4150510743424043,0.4150510743424043,0.2008438952122098,-0.18755237673244818,0.037255980528883924,87,-0.02409883021199617,0.16554183627804075
