series,days,final_nav,total_return,annualized_return,max_drawdown,ulcer_index,recovery_time_days,tail_risk_5pct_mean,vol_annualized
strategy,478,1.294551638142804,0.29455163814280394,0.1458003777944048,-0.08193834642573261,0.024211353251977596,124,-0.014473605002677609,0.09756645875246868
benchmark,478,1.4150510743424043,0.4150510743424043,0.2008438952122098,-0.18755237673244818,0.037255980528883924,87,-0.02409883021199617,0.16554183627804075
