{
    "id":  1,
    "min_sds":  0.45,
    "high_q":  0.85,
    "risk_q":  0.7,
    "cagr_impact":  0.07373791329620083,
    "dd_reduction":  0.19364529363669145,
    "score":  0.87915673874943512
}
