"lambda","run","cagr_impact","dd_reduction","efficiency"
"0.5","v31_backtest_eval_step4_dynamic_0","0.0888821527890473","0.344422097611806","0.299981021217282"
"0.6","v31_backtest_eval_step4_dynamic_0","0.0888821527890473","0.344422097611806","0.291092805938378"
"0.7","v31_backtest_eval_step4_dynamic_0","0.0888821527890473","0.344422097611806","0.282204590659473"
