series,days,final_nav,total_return,annualized_return,max_drawdown,ulcer_index,recovery_time_days,tail_risk_5pct_mean,vol_annualized
strategy,478,1.2777139724001154,0.2777139724001154,0.1379192932198645,-0.07356999388663821,0.0229428542170347,85,-0.013983838685433993,0.09108653671329028
benchmark,478,1.4150510743424043,0.4150510743424043,0.2008438952122098,-0.18755237673244818,0.037255980528883924,87,-0.02409883021199617,0.16554183627804075
