series,days,final_nav,total_return,annualized_return,max_drawdown,ulcer_index,recovery_time_days,tail_risk_5pct_mean,vol_annualized
strategy,478,1.323230991575662,0.32323099157566193,0.15911336894756678,-0.15142434876361655,0.036588478883208736,92,-0.019675002549399995,0.12576076609367712
benchmark,478,1.4150510743424043,0.4150510743424043,0.2008438952122098,-0.18755237673244818,0.037255980528883924,87,-0.02409883021199617,0.16554183627804075
