series,days,final_nav,total_return,annualized_return,max_drawdown,ulcer_index,recovery_time_days,tail_risk_5pct_mean,vol_annualized
strategy,478,1.3355981096852338,0.33559810968523385,0.16481206086605926,-0.10920149541659385,0.02651512929425442,58,-0.01839955990842622,0.1208731943932494
benchmark,478,1.4150510743424043,0.4150510743424043,0.2008438952122098,-0.18755237673244818,0.037255980528883924,87,-0.02409883021199617,0.16554183627804075
