series,days,final_nav,total_return,annualized_return,max_drawdown,ulcer_index,recovery_time_days,tail_risk_5pct_mean,vol_annualized
strategy,478,1.3561749542871666,0.3561749542871666,0.1742387403665966,-0.12057371363848346,0.029635735544701003,119,-0.01852711320973006,0.12214738651797463
benchmark,478,1.4150510743424043,0.4150510743424043,0.2008438952122098,-0.18755237673244818,0.037255980528883924,87,-0.02409883021199617,0.16554183627804075
