series,days,final_nav,total_return,annualized_return,max_drawdown,ulcer_index,recovery_time_days,tail_risk_5pct_mean,vol_annualized
strategy,478,1.3162552738493385,0.3162552738493385,0.15588789084441035,-0.11565694231559098,0.029371968103089778,137,-0.017123845335877987,0.11399020064933049
benchmark,478,1.4150510743424043,0.4150510743424043,0.2008438952122098,-0.18755237673244818,0.037255980528883924,87,-0.02409883021199617,0.16554183627804075
