series,days,final_nav,total_return,annualized_return,max_drawdown,ulcer_index,recovery_time_days,tail_risk_5pct_mean,vol_annualized
strategy,478,1.2812429849305431,0.2812429849305431,0.13957514091060275,-0.07479089678638207,0.02333233462491877,133,-0.013851985201165817,0.09113217193745488
benchmark,478,1.4150510743424043,0.4150510743424043,0.2008438952122098,-0.18755237673244818,0.037255980528883924,87,-0.02409883021199617,0.16554183627804075
