series,days,final_nav,total_return,annualized_return,max_drawdown,ulcer_index,recovery_time_days,tail_risk_5pct_mean,vol_annualized
strategy,478,1.267896382489274,0.26789638248927394,0.13330137233257666,-0.07551354927755416,0.023747262931239774,135,-0.013924046555590814,0.09049627226349048
benchmark,478,1.4150510743424043,0.4150510743424043,0.2008438952122098,-0.18755237673244818,0.037255980528883924,87,-0.02409883021199617,0.16554183627804075
