series,days,final_nav,total_return,annualized_return,max_drawdown,ulcer_index,recovery_time_days,tail_risk_5pct_mean,vol_annualized
strategy,478,1.335218741899532,0.33521874189953205,0.1646376223746191,-0.11207964904985868,0.02657270185995814,87,-0.017333702813567747,0.11625272406067828
benchmark,478,1.4150510743424043,0.4150510743424043,0.2008438952122098,-0.18755237673244818,0.037255980528883924,87,-0.02409883021199617,0.16554183627804075
