series,days,final_nav,total_return,annualized_return,max_drawdown,ulcer_index,recovery_time_days,tail_risk_5pct_mean,vol_annualized
strategy,478,1.3458054252288398,0.34580542522883984,0.1694967613904934,-0.11207964904985834,0.02612073697916493,85,-0.017336183596348458,0.11689179083155984
benchmark,478,1.4150510743424043,0.4150510743424043,0.2008438952122098,-0.18755237673244818,0.037255980528883924,87,-0.02409883021199617,0.16554183627804075
