series,days,final_nav,total_return,annualized_return,max_drawdown,ulcer_index,recovery_time_days,tail_risk_5pct_mean,vol_annualized
strategy,478,1.323545663774046,0.3235456637740459,0.15925867940048843,-0.11752689881783263,0.028921166213023028,136,-0.017271101766033456,0.11597947752284983
benchmark,478,1.4150510743424043,0.4150510743424043,0.2008438952122098,-0.18755237673244818,0.037255980528883924,87,-0.02409883021199617,0.16554183627804075
