series,days,final_nav,total_return,annualized_return,max_drawdown,ulcer_index,recovery_time_days,tail_risk_5pct_mean,vol_annualized
strategy,478,1.2547813830000145,0.2547813830000145,0.12710598191600897,-0.15123374166783388,0.04011310086951438,149,-0.019263035640036022,0.12163206597700124
benchmark,478,1.4150510743424043,0.4150510743424043,0.2008438952122098,-0.18755237673244818,0.037255980528883924,87,-0.02409883021199617,0.16554183627804075
