series,days,final_nav,total_return,annualized_return,max_drawdown,ulcer_index,recovery_time_days,tail_risk_5pct_mean,vol_annualized
strategy,478,1.3161299101215458,0.3161299101215458,0.15582985050941556,-0.1145041710530671,0.02900053456688175,137,-0.017146920898955188,0.11408090860563107
benchmark,478,1.4150510743424043,0.4150510743424043,0.2008438952122098,-0.18755237673244818,0.037255980528883924,87,-0.02409883021199617,0.16554183627804075
