series,days,final_nav,total_return,annualized_return,max_drawdown,ulcer_index,recovery_time_days,tail_risk_5pct_mean,vol_annualized
strategy,478,1.1943191409913667,0.1943191409913667,0.09813975159821098,-0.13395385495916357,0.04095170088217351,147,-0.017549648920128006,0.10693105974667824
benchmark,478,1.4150510743424043,0.4150510743424043,0.2008438952122098,-0.18755237673244818,0.037255980528883924,87,-0.02409883021199617,0.16554183627804075
