series,days,final_nav,total_return,annualized_return,max_drawdown,ulcer_index,recovery_time_days,tail_risk_5pct_mean,vol_annualized
strategy,478,1.3361880676380888,0.33618806763808884,0.16508328505827108,-0.11610465012873916,0.027926371584268073,135,-0.017425996450794595,0.11689462720155006
benchmark,478,1.4150510743424043,0.4150510743424043,0.2008438952122098,-0.18755237673244818,0.037255980528883924,87,-0.02409883021199617,0.16554183627804075
