series,days,final_nav,total_return,annualized_return,max_drawdown,ulcer_index,recovery_time_days,tail_risk_5pct_mean,vol_annualized
strategy,478,1.3841225755218534,0.38412257552185336,0.18693449435532639,-0.11423961515436942,0.025999385123165318,102,-0.01783087597091389,0.12142197592452102
benchmark,478,1.4150510743424043,0.4150510743424043,0.2008438952122098,-0.18755237673244818,0.037255980528883924,87,-0.02409883021199617,0.16554183627804075
