series,days,final_nav,total_return,annualized_return,max_drawdown,ulcer_index,recovery_time_days,tail_risk_5pct_mean,vol_annualized
strategy,478,1.3465270287558389,0.34652702875583885,0.16982730822461245,-0.11383459402474594,0.027433683489250564,60,-0.01839955990842622,0.12047702545081707
benchmark,478,1.4150510743424043,0.4150510743424043,0.2008438952122098,-0.18755237673244818,0.037255980528883924,87,-0.02409883021199617,0.16554183627804075
