series,days,final_nav,total_return,annualized_return,max_drawdown,ulcer_index,recovery_time_days,tail_risk_5pct_mean,vol_annualized
strategy,478,1.3211170913722248,0.32111709137222477,0.1581367807116536,-0.11349883717154086,0.028538580785073014,136,-0.01724643225928447,0.11415367465378426
benchmark,478,1.4150510743424043,0.4150510743424043,0.2008438952122098,-0.18755237673244818,0.037255980528883924,87,-0.02409883021199617,0.16554183627804075
