series,days,final_nav,total_return,annualized_return,max_drawdown,ulcer_index,recovery_time_days,tail_risk_5pct_mean,vol_annualized
strategy,478,1.2732088427917037,0.27320884279170365,0.13580229629396512,-0.1551974103005882,0.04131611166356615,150,-0.019324050688188807,0.12256568361620002
benchmark,478,1.4150510743424043,0.4150510743424043,0.2008438952122098,-0.18755237673244818,0.037255980528883924,87,-0.02409883021199617,0.16554183627804075
