series,days,final_nav,total_return,annualized_return,max_drawdown,ulcer_index,recovery_time_days,tail_risk_5pct_mean,vol_annualized
strategy,478,1.3436959952374983,0.3436959952374983,0.16853000839525523,-0.11207964904985812,0.026251453580232887,85,-0.01715463212945449,0.11615243231877742
benchmark,478,1.4150510743424043,0.4150510743424043,0.2008438952122098,-0.18755237673244818,0.037255980528883924,87,-0.02409883021199617,0.16554183627804075
