series,days,final_nav,total_return,annualized_return,max_drawdown,ulcer_index,recovery_time_days,tail_risk_5pct_mean,vol_annualized
strategy,478,1.3455297801430515,0.34552978014305147,0.16937047380004144,-0.11207964904985857,0.02608709207874674,85,-0.01726150840943483,0.11660444322092714
benchmark,478,1.4150510743424043,0.4150510743424043,0.2008438952122098,-0.18755237673244818,0.037255980528883924,87,-0.02409883021199617,0.16554183627804075
