series,days,final_nav,total_return,annualized_return,max_drawdown,ulcer_index,recovery_time_days,tail_risk_5pct_mean,vol_annualized
strategy,478,1.359627826462933,0.3596278264629329,0.17581392940722207,-0.11017619598808359,0.02544887360200942,57,-0.017701140810556893,0.11948110102324934
benchmark,478,1.4150510743424043,0.4150510743424043,0.2008438952122098,-0.18755237673244818,0.037255980528883924,87,-0.02409883021199617,0.16554183627804075
