series,days,final_nav,total_return,annualized_return,max_drawdown,ulcer_index,recovery_time_days,tail_risk_5pct_mean,vol_annualized
strategy,478,1.3826649535260365,0.38266495352603647,0.18627535397405404,-0.11242885303183814,0.025959600837901484,105,-0.01852711320973006,0.12405525049588394
benchmark,478,1.4150510743424043,0.4150510743424043,0.2008438952122098,-0.18755237673244818,0.037255980528883924,87,-0.02409883021199617,0.16554183627804075
