series,days,final_nav,total_return,annualized_return,max_drawdown,ulcer_index,recovery_time_days,tail_risk_5pct_mean,vol_annualized
strategy,478,1.3608315382094531,0.36083153820945313,0.1763626140878427,-0.11935380667522177,0.028716595224662602,106,-0.01783087597091389,0.11953135008832662
benchmark,478,1.4150510743424043,0.4150510743424043,0.2008438952122098,-0.18755237673244818,0.037255980528883924,87,-0.02409883021199617,0.16554183627804075
