series,days,final_nav,total_return,annualized_return,max_drawdown,ulcer_index,recovery_time_days,tail_risk_5pct_mean,vol_annualized
strategy,478,1.3194740832138256,0.31947408321382564,0.15737722672126586,-0.1114981335043208,0.027729316730580024,89,-0.017259860959987453,0.11450427281511656
benchmark,478,1.4150510743424043,0.4150510743424043,0.2008438952122098,-0.18755237673244818,0.037255980528883924,87,-0.02409883021199617,0.16554183627804075
