series,days,final_nav,total_return,annualized_return,max_drawdown,ulcer_index,recovery_time_days,tail_risk_5pct_mean,vol_annualized
strategy,478,1.3554352756888701,0.3554352756888701,0.17390105488409913,-0.11086815961101715,0.026918517106637653,59,-0.01839955990842622,0.12132681294358474
benchmark,478,1.4150510743424043,0.4150510743424043,0.2008438952122098,-0.18755237673244818,0.037255980528883924,87,-0.02409883021199617,0.16554183627804075
