series,days,final_nav,total_return,annualized_return,max_drawdown,ulcer_index,recovery_time_days,tail_risk_5pct_mean,vol_annualized
strategy,478,1.3325938319950668,0.33259383199506676,0.16343001036145943,-0.11578012012527805,0.02781707803708994,135,-0.01730164891704966,0.11664559070592799
benchmark,478,1.4150510743424043,0.4150510743424043,0.2008438952122098,-0.18755237673244818,0.037255980528883924,87,-0.02409883021199617,0.16554183627804075
