series,days,final_nav,total_return,annualized_return,max_drawdown,ulcer_index,recovery_time_days,tail_risk_5pct_mean,vol_annualized
strategy,478,1.384494297302748,0.3844942973027481,0.18710253536511234,-0.11412197029603532,0.025976000787008426,102,-0.01783087597091389,0.12141991217746959
benchmark,478,1.4150510743424043,0.4150510743424043,0.2008438952122098,-0.18755237673244818,0.037255980528883924,87,-0.02409883021199617,0.16554183627804075
