series,days,final_nav,total_return,annualized_return,max_drawdown,ulcer_index,recovery_time_days,tail_risk_5pct_mean,vol_annualized
strategy,478,1.3254812042319715,0.32548120423197147,0.1601521211971404,-0.1114981335043208,0.027591162682559633,88,-0.01702274003187692,0.1134329797274134
benchmark,478,1.4150510743424043,0.4150510743424043,0.2008438952122098,-0.18755237673244818,0.037255980528883924,87,-0.02409883021199617,0.16554183627804075
