series,days,final_nav,total_return,annualized_return,max_drawdown,ulcer_index,recovery_time_days,tail_risk_5pct_mean,vol_annualized
strategy,478,1.3174599931799067,0.3174599931799067,0.15644551320013145,-0.11407126155390734,0.028733944654590098,137,-0.017123845335877987,0.11355635267707365
benchmark,478,1.4150510743424043,0.4150510743424043,0.2008438952122098,-0.18755237673244818,0.037255980528883924,87,-0.02409883021199617,0.16554183627804075
