series,days,final_nav,total_return,annualized_return,max_drawdown,ulcer_index,recovery_time_days,tail_risk_5pct_mean,vol_annualized
strategy,478,1.2302449809526717,0.23024498095267165,0.1154324410862364,-0.12891663227310546,0.036327187481381785,107,-0.01773505050652584,0.11048664067778477
benchmark,478,1.4150510743424043,0.4150510743424043,0.2008438952122098,-0.18755237673244818,0.037255980528883924,87,-0.02409883021199617,0.16554183627804075
