series,days,final_nav,total_return,annualized_return,max_drawdown,ulcer_index,recovery_time_days,tail_risk_5pct_mean,vol_annualized
strategy,478,1.3410258406375632,0.34102584063756325,0.1673052453648809,-0.1451494260891224,0.03447445366528752,88,-0.02033485430189912,0.13107938460648913
benchmark,478,1.4150510743424043,0.4150510743424043,0.2008438952122098,-0.18755237673244818,0.037255980528883924,87,-0.02409883021199617,0.16554183627804075
