series,days,final_nav,total_return,annualized_return,max_drawdown,ulcer_index,recovery_time_days,tail_risk_5pct_mean,vol_annualized
strategy,478,1.274369055915597,0.2743690559155969,0.1363478279910284,-0.08306194169618564,0.026513859742901612,135,-0.014420073758072886,0.09518220169437996
benchmark,478,1.4150510743424043,0.4150510743424043,0.2008438952122098,-0.18755237673244818,0.037255980528883924,87,-0.02409883021199617,0.16554183627804075
