series,days,final_nav,total_return,annualized_return,max_drawdown,ulcer_index,recovery_time_days,tail_risk_5pct_mean,vol_annualized
strategy,478,1.2923165041965752,0.2923165041965752,0.14475699623037364,-0.07855112380856155,0.022987945666863532,124,-0.014297031707489182,0.09457320958353971
benchmark,478,1.4150510743424043,0.4150510743424043,0.2008438952122098,-0.18755237673244818,0.037255980528883924,87,-0.02409883021199617,0.16554183627804075
