series,days,final_nav,total_return,annualized_return,max_drawdown,ulcer_index,recovery_time_days,tail_risk_5pct_mean,vol_annualized
strategy,478,1.2879316270950854,0.28793162709508535,0.14270761250588682,-0.0765964330817811,0.02228615171371509,79,-0.013859254975658925,0.09250627693427578
benchmark,478,1.4150510743424043,0.4150510743424043,0.2008438952122098,-0.18755237673244818,0.037255980528883924,87,-0.02409883021199617,0.16554183627804075
